Workbook

Sheet AGEN BAOMEKOT
B3: DIGIPOS R2 CELL 082144228240 | I3: EDC SEFTIANUS RUBEN FA494427 | O3: BRILINK THYAND 357201028758536 | Z3: 3 SAKTI THYAND 089512732555 | AF3: SIMPEL IM3 THYAND 085745584943 AgenkiosR2$ | AN3: PEGADAIAN THYAND + 2437 082147266855 | AU3: BRILINK BARU THYAND 011901070079503
B4: TOP UP | C4: HARGA JUAL | D4: HARGA MODAL | E4: SALDO | F4: BIAYA | I4: TARIK / TOP UP | J4: TRANSFER | K4: SALDO | L4: HARGA JUAL | M4: BIAYA | O4: TOP UP | P4: TARIK TUNAI | Q4: BRIMO | R4: TRANSFER BRI | S4: LAINNYA | T4: ADMIN BANK | U4: FEE | V4: SALDO | W4: BIAYA | Z4: TARIK / TOP UP | AA4: TRANSFER | AB4: SALDO | AC4: HARGA JUAL | AD4: BIAYA | AF4: TARIK / TOP UP | AG4: TRANSFER | AH4: SALDO | AI4: HARGA JUAL | AJ4: BIAYA | AN4: TOP UP | AO4: TRANSFER KELUAR | AP4: KOMISI | AQ4: SALDO | AR4: HARGA BAYAR | AS4: BIAYA | AU4: TOP UP | AV4: TARIK TUNAI | AW4: BRIMO | AX4: TRANSFER BRI | AY4: LAINNYA | AZ4: ADMIN BANK | BA4: FEE | BB4: SALDO | BC4: BIAYA | BE4: SALDO AWAL
E5: ='TABEL INPUT'!C4 -> 337945 | K5: ='TABEL INPUT'!C7 -> 941317 | M5: =L5-J5 -> 0 | V5: ='TABEL INPUT'!C5 -> 14081391 | AB5: ='TABEL INPUT'!C9 -> 638 | AD5: =AC5-AA5 -> 0 | AH5: ='TABEL INPUT'!C10 -> 320270 | AJ5: =AI5-AG5 -> 0 | AQ5: ='TABEL INPUT'!C8 -> 199895 | AS5: =AR5-AO5 -> 0 | BB5: 0 | BE5: SALDO | BF5: =E5+K5+V5+AB5+AH5+AQ5+BB5 -> 15881456 | BG5: =BF5+BF6+BF7 -> 40881456
E6: =E5+B6-D6 -> 337945 | F6: =C6-D6 -> 0 | K6: =K5+I6-J6 -> 941317 | M6: =L6-J6 -> 0 | V6: =V5+O6+P6-Q6-R6-S6-T6+U6 -> 14081391 | W6: ='TABEL INPUT'!C32 -> 0 | AB6: =AB5+Z6-AA6 -> 638 | AD6: =AC6-AA6 -> 0 | AH6: =AH5+AF6-AG6 -> 320270 | AJ6: =AI6-AG6 -> 0 | AQ6: =AQ5+AN6-AO6+AP6 -> 199895 | AS6: =AR6-AO6 -> 0 | BB6: =BB5+AU6+AV6-AW6-AX6-AY6-AZ6+BA6 -> 0 | BC6: 0 | BE6: TUNAI | BF6: 25000000
E7: =E6+B7-D7 -> 337945 | F7: =C7-D7 -> 0 | K7: =K6+I7-J7 -> 941317 | M7: =L7-J7 -> 0 | V7: =V6+O7+P7-Q7-R7-S7-T7+U7 -> 14081391 | W7: ='TABEL INPUT'!C33 -> 0 | AB7: =AB6+Z7-AA7 -> 638 | AD7: =AC7-AA7 -> 0 | AH7: =AH6+AF7-AG7 -> 320270 | AJ7: =AI7-AG7 -> 0 | AQ7: =AQ6+AN7-AO7+AP7 -> 199895 | AS7: =AR7-AO7 -> 0 | BB7: =BB6+AU7+AV7-AW7-AX7-AY7-AZ7+BA7 -> 0 | BC7: 0 | BE7: UANG KECIL
E8: =E7+B8-D8 -> 337945 | F8: =C8-D8 -> 0 | K8: =K7+I8-J8 -> 941317 | M8: =L8-J8 -> 0 | V8: =V7+O8+P8-Q8-R8-S8-T8+U8 -> 14081391 | W8: ='TABEL INPUT'!C34 -> 0 | AB8: =AB7+Z8-AA8 -> 638 | AD8: =AC8-AA8 -> 0 | AH8: =AH7+AF8-AG8 -> 320270 | AJ8: =AI8-AG8 -> 0 | AQ8: =AQ7+AN8-AO8+AP8 -> 199895 | AS8: =AR8-AO8 -> 0 | BB8: =BB7+AU8+AV8-AW8-AX8-AY8-AZ8+BA8 -> 0 | BC8: 0 | BE8: HUTANG
E9: =E8+B9-D9 -> 337945 | F9: =C9-D9 -> 0 | K9: =K8+I9-J9 -> 941317 | M9: =L9-J9 -> 0 | V9: =V8+O9+P9-Q9-R9-S9-T9+U9 -> 14081391 | W9: ='TABEL INPUT'!C35 -> 0 | AB9: =AB8+Z9-AA9 -> 638 | AD9: =AC9-AA9 -> 0 | AH9: =AH8+AF9-AG9 -> 320270 | AJ9: =AI9-AG9 -> 0 | AM9: 0 | AQ9: =AQ8+AN9-AO9+AP9 -> 199895 | AS9: =AR9-AO9 -> 0 | BB9: =BB8+AU9+AV9-AW9-AX9-AY9-AZ9+BA9 -> 0 | BC9: 0 | BE9: PIUTANG
E10: =E9+B10-D10 -> 337945 | F10: =C10-D10 -> 0 | K10: =K9+I10-J10 -> 941317 | M10: =L10-J10 -> 0 | V10: =V9+O10+P10-Q10-R10-S10-T10+U10 -> 14081391 | W10: ='TABEL INPUT'!C36 -> 0 | AB10: =AB9+Z10-AA10 -> 638 | AD10: =AC10-AA10 -> 0 | AH10: =AH9+AF10-AG10 -> 320270 | AJ10: =AI10-AG10 -> 0 | AQ10: =AQ9+AN10-AO10+AP10 -> 199895 | AS10: =AR10-AO10 -> 0 | BB10: =BB9+AU10+AV10-AW10-AX10-AY10-AZ10+BA10 -> 0 | BC10: 0
E11: =E10+B11-D11 -> 337945 | F11: =C11-D11 -> 0 | K11: =K10+I11-J11 -> 941317 | M11: =L11-J11 -> 0 | V11: =V10+O11+P11-Q11-R11-S11-T11+U11 -> 14081391 | W11: ='TABEL INPUT'!C37 -> 0 | AB11: =AB10+Z11-AA11 -> 638 | AD11: =AC11-AA11 -> 0 | AH11: =AH10+AF11-AG11 -> 320270 | AJ11: =AI11-AG11 -> 0 | AQ11: =AQ10+AN11-AO11+AP11 -> 199895 | AS11: =AR11-AO11 -> 0 | BB11: =BB10+AU11+AV11-AW11-AX11-AY11-AZ11+BA11 -> 0 | BC11: 0
E12: =E11+B12-D12 -> 337945 | F12: =C12-D12 -> 0 | K12: =K11+I12-J12 -> 941317 | M12: =L12-J12 -> 0 | V12: =V11+O12+P12-Q12-R12-S12-T12+U12 -> 14081391 | W12: ='TABEL INPUT'!C38 -> 0 | AB12: =AB11+Z12-AA12 -> 638 | AD12: =AC12-AA12 -> 0 | AH12: =AH11+AF12-AG12 -> 320270 | AJ12: =AI12-AG12 -> 0 | AQ12: =AQ11+AN12-AO12+AP12 -> 199895 | AS12: =AR12-AO12 -> 0 | BB12: =BB11+AU12+AV12-AW12-AX12-AY12-AZ12+BA12 -> 0 | BC12: 0
E13: =E12+B13-D13 -> 337945 | F13: =C13-D13 -> 0 | K13: =K12+I13-J13 -> 941317 | M13: =L13-J13 -> 0 | V13: =V12+O13+P13-Q13-R13-S13-T13+U13 -> 14081391 | AB13: =AB12+Z13-AA13 -> 638 | AD13: =AC13-AA13 -> 0 | AH13: =AH12+AF13-AG13 -> 320270 | AJ13: =AI13-AG13 -> 0 | AQ13: =AQ12+AN13-AO13+AP13 -> 199895 | AS13: =AR13-AO13 -> 0 | BB13: =BB12+AU13+AV13-AW13-AX13-AY13-AZ13+BA13 -> 0 | BC13: 0 | BE13: SALDO AKHIR
E14: =E13+B14-D14 -> 337945 | F14: =C14-D14 -> 0 | K14: =K13+I14-J14 -> 941317 | M14: =L14-J14 -> 0 | V14: =V13+O14+P14-Q14-R14-S14-T14+U14 -> 14081391 | AB14: =AB13+Z14-AA14 -> 638 | AD14: =AC14-AA14 -> 0 | AH14: =AH13+AF14-AG14 -> 320270 | AJ14: =AI14-AG14 -> 0 | AQ14: =AQ13+AN14-AO14+AP14 -> 199895 | AS14: =AR14-AO14 -> 0 | BB14: =BB13+AU14+AV14-AW14-AX14-AY14-AZ14+BA14 -> 0 | BC14: 0 | BE14: SALDO | BF14: =E190+K190+V190+AB190+AH190+AQ190+BB190 -> 15881456 | BG14: =BF14+BF15+BF16 -> 15881456
E15: =E14+B15-D15 -> 337945 | F15: =C15-D15 -> 0 | K15: =K14+I15-J15 -> 941317 | M15: =L15-J15 -> 0 | V15: =V14+O15+P15-Q15-R15-S15-T15+U15 -> 14081391 | AB15: =AB14+Z15-AA15 -> 638 | AD15: =AC15-AA15 -> 0 | AH15: =AH14+AF15-AG15 -> 320270 | AJ15: =AI15-AG15 -> 0 | AQ15: =AQ14+AN15-AO15+AP15 -> 199895 | AS15: =AR15-AO15 -> 0 | BB15: =BB14+AU15+AV15-AW15-AX15-AY15-AZ15+BA15 -> 0 | BC15: 0 | BE15: TUNAI | BF15: 0
E16: =E15+B16-D16 -> 337945 | F16: =C16-D16 -> 0 | K16: =K15+I16-J16 -> 941317 | M16: =L16-J16 -> 0 | V16: =V15+O16+P16-Q16-R16-S16-T16+U16 -> 14081391 | AB16: =AB15+Z16-AA16 -> 638 | AD16: =AC16-AA16 -> 0 | AH16: =AH15+AF16-AG16 -> 320270 | AJ16: =AI16-AG16 -> 0 | AQ16: =AQ15+AN16-AO16+AP16 -> 199895 | AS16: =AR16-AO16 -> 0 | BB16: =BB15+AU16+AV16-AW16-AX16-AY16-AZ16+BA16 -> 0 | BC16: 0 | BE16: UANG KECIL
E17: =E16+B17-D17 -> 337945 | F17: =C17-D17 -> 0 | K17: =K16+I17-J17 -> 941317 | M17: =L17-J17 -> 0 | V17: =V16+O17+P17-Q17-R17-S17-T17+U17 -> 14081391 | AB17: =AB16+Z17-AA17 -> 638 | AD17: =AC17-AA17 -> 0 | AH17: =AH16+AF17-AG17 -> 320270 | AJ17: =AI17-AG17 -> 0 | AQ17: =AQ16+AN17-AO17+AP17 -> 199895 | AS17: =AR17-AO17 -> 0 | BB17: =BB16+AU17+AV17-AW17-AX17-AY17-AZ17+BA17 -> 0 | BC17: 0 | BE17: HUTANG
E18: =E17+B18-D18 -> 337945 | F18: =C18-D18 -> 0 | K18: =K17+I18-J18 -> 941317 | M18: =L18-J18 -> 0 | V18: =V17+O18+P18-Q18-R18-S18-T18+U18 -> 14081391 | AB18: =AB17+Z18-AA18 -> 638 | AD18: =AC18-AA18 -> 0 | AH18: =AH17+AF18-AG18 -> 320270 | AJ18: =AI18-AG18 -> 0 | AQ18: =AQ17+AN18-AO18+AP18 -> 199895 | AS18: =AR18-AO18 -> 0 | BB18: =BB17+AU18+AV18-AW18-AX18-AY18-AZ18+BA18 -> 0 | BC18: 0 | BE18: PIUTANG
E19: =E18+B19-D19 -> 337945 | F19: =C19-D19 -> 0 | K19: =K18+I19-J19 -> 941317 | M19: =L19-J19 -> 0 | V19: =V18+O19+P19-Q19-R19-S19-T19+U19 -> 14081391 | AB19: =AB18+Z19-AA19 -> 638 | AD19: =AC19-AA19 -> 0 | AH19: =AH18+AF19-AG19 -> 320270 | AJ19: =AI19-AG19 -> 0 | AQ19: =AQ18+AN19-AO19+AP19 -> 199895 | AS19: =AR19-AO19 -> 0 | BB19: =BB18+AU19+AV19-AW19-AX19-AY19-AZ19+BA19 -> 0 | BC19: 0
E20: =E19+B20-D20 -> 337945 | F20: =C20-D20 -> 0 | K20: =K19+I20-J20 -> 941317 | M20: =L20-J20 -> 0 | V20: =V19+O20+P20-Q20-R20-S20-T20+U20 -> 14081391 | AB20: =AB19+Z20-AA20 -> 638 | AD20: =AC20-AA20 -> 0 | AH20: =AH19+AF20-AG20 -> 320270 | AJ20: =AI20-AG20 -> 0 | AQ20: =AQ19+AN20-AO20+AP20 -> 199895 | AS20: =AR20-AO20 -> 0 | BB20: =BB19+AU20+AV20-AW20-AX20-AY20-AZ20+BA20 -> 0 | BC20: 0
E21: =E20+B21-D21 -> 337945 | F21: =C21-D21 -> 0 | K21: =K20+I21-J21 -> 941317 | M21: =L21-J21 -> 0 | V21: =V20+O21+P21-Q21-R21-S21-T21+U21 -> 14081391 | AB21: =AB20+Z21-AA21 -> 638 | AD21: =AC21-AA21 -> 0 | AH21: =AH20+AF21-AG21 -> 320270 | AJ21: =AI21-AG21 -> 0 | AQ21: =AQ20+AN21-AO21+AP21 -> 199895 | AS21: =AR21-AO21 -> 0 | BB21: =BB20+AU21+AV21-AW21-AX21-AY21-AZ21+BA21 -> 0 | BC21: 0
E22: =E21+B22-D22 -> 337945 | F22: =C22-D22 -> 0 | K22: =K21+I22-J22 -> 941317 | M22: =L22-J22 -> 0 | V22: =V21+O22+P22-Q22-R22-S22-T22+U22 -> 14081391 | AB22: =AB21+Z22-AA22 -> 638 | AD22: =AC22-AA22 -> 0 | AH22: =AH21+AF22-AG22 -> 320270 | AJ22: =AI22-AG22 -> 0 | AQ22: =AQ21+AN22-AO22+AP22 -> 199895 | AS22: =AR22-AO22 -> 0 | BB22: =BB21+AU22+AV22-AW22-AX22-AY22-AZ22+BA22 -> 0 | BC22: 0 | BE22: PEMASUKAN | BF22: =F191+M191+U191+W191+AD191+AJ191+AP191+AS191+BC191 -> 0
E23: =E22+B23-D23 -> 337945 | F23: =C23-D23 -> 0 | K23: =K22+I23-J23 -> 941317 | M23: =L23-J23 -> 0 | V23: =V22+O23+P23-Q23-R23-S23-T23+U23 -> 14081391 | AB23: =AB22+Z23-AA23 -> 638 | AD23: =AC23-AA23 -> 0 | AH23: =AH22+AF23-AG23 -> 320270 | AJ23: =AI23-AG23 -> 0 | AQ23: =AQ22+AN23-AO23+AP23 -> 199895 | AS23: =AR23-AO23 -> 0 | BB23: =BB22+AU23+AV23-AW23-AX23-AY23-AZ23+BA23 -> 0 | BC23: 0
E24: =E23+B24-D24 -> 337945 | F24: =C24-D24 -> 0 | K24: =K23+I24-J24 -> 941317 | M24: =L24-J24 -> 0 | V24: =V23+O24+P24-Q24-R24-S24-T24+U24 -> 14081391 | AB24: =AB23+Z24-AA24 -> 638 | AD24: =AC24-AA24 -> 0 | AH24: =AH23+AF24-AG24 -> 320270 | AJ24: =AI24-AG24 -> 0 | AQ24: =AQ23+AN24-AO24+AP24 -> 199895 | AS24: =AR24-AO24 -> 0 | BB24: =BB23+AU24+AV24-AW24-AX24-AY24-AZ24+BA24 -> 0 | BC24: 0
E25: =E24+B25-D25 -> 337945 | F25: =C25-D25 -> 0 | K25: =K24+I25-J25 -> 941317 | M25: =L25-J25 -> 0 | V25: =V24+O25+P25-Q25-R25-S25-T25+U25 -> 14081391 | AB25: =AB24+Z25-AA25 -> 638 | AD25: =AC25-AA25 -> 0 | AH25: =AH24+AF25-AG25 -> 320270 | AJ25: =AI25-AG25 -> 0 | AQ25: =AQ24+AN25-AO25+AP25 -> 199895 | AS25: =AR25-AO25 -> 0 | BB25: =BB24+AU25+AV25-AW25-AX25-AY25-AZ25+BA25 -> 0 | BC25: 0 | BE25: PENGELUARAN
E26: =E25+B26-D26 -> 337945 | F26: =C26-D26 -> 0 | K26: =K25+I26-J26 -> 941317 | M26: =L26-J26 -> 0 | V26: =V25+O26+P26-Q26-R26-S26-T26+U26 -> 14081391 | AB26: =AB25+Z26-AA26 -> 638 | AD26: =AC26-AA26 -> 0 | AH26: =AH25+AF26-AG26 -> 320270 | AJ26: =AI26-AG26 -> 0 | AQ26: =AQ25+AN26-AO26+AP26 -> 199895 | AS26: =AR26-AO26 -> 0 | BB26: =BB25+AU26+AV26-AW26-AX26-AY26-AZ26+BA26 -> 0 | BC26: 0 | BE26: BIAYA TOP UP | BF26: ='TABEL INPUT'!C43 -> 0 | BI26: =SUM(BF26:BH26) -> 0
E27: =E26+B27-D27 -> 337945 | F27: =C27-D27 -> 0 | K27: =K26+I27-J27 -> 941317 | M27: =L27-J27 -> 0 | V27: =V26+O27+P27-Q27-R27-S27-T27+U27 -> 14081391 | AB27: =AB26+Z27-AA27 -> 638 | AD27: =AC27-AA27 -> 0 | AH27: =AH26+AF27-AG27 -> 320270 | AJ27: =AI27-AG27 -> 0 | AQ27: =AQ26+AN27-AO27+AP27 -> 199895 | AS27: =AR27-AO27 -> 0 | BB27: =BB26+AU27+AV27-AW27-AX27-AY27-AZ27+BA27 -> 0 | BC27: 0 | BE27: ADMIN BULANAN | BF27: ='TABEL INPUT'!C44 -> 0 | BI27: =SUM(BF27:BH27) -> 0
E28: =E27+B28-D28 -> 337945 | F28: =C28-D28 -> 0 | K28: =K27+I28-J28 -> 941317 | M28: =L28-J28 -> 0 | V28: =V27+O28+P28-Q28-R28-S28-T28+U28 -> 14081391 | AB28: =AB27+Z28-AA28 -> 638 | AD28: =AC28-AA28 -> 0 | AH28: =AH27+AF28-AG28 -> 320270 | AJ28: =AI28-AG28 -> 0 | AQ28: =AQ27+AN28-AO28+AP28 -> 199895 | AS28: =AR28-AO28 -> 0 | BB28: =BB27+AU28+AV28-AW28-AX28-AY28-AZ28+BA28 -> 0 | BC28: 0 | BE28: DATA | BF28: ='TABEL INPUT'!C45 -> 0 | BI28: =SUM(BF28:BH28) -> 0
E29: =E28+B29-D29 -> 337945 | F29: =C29-D29 -> 0 | K29: =K28+I29-J29 -> 941317 | M29: =L29-J29 -> 0 | V29: =V28+O29+P29-Q29-R29-S29-T29+U29 -> 14081391 | AB29: =AB28+Z29-AA29 -> 638 | AD29: =AC29-AA29 -> 0 | AH29: =AH28+AF29-AG29 -> 320270 | AJ29: =AI29-AG29 -> 0 | AQ29: =AQ28+AN29-AO29+AP29 -> 199895 | AS29: =AR29-AO29 -> 0 | BB29: =BB28+AU29+AV29-AW29-AX29-AY29-AZ29+BA29 -> 0 | BC29: 0 | BE29: AIR GALON | BF29: ='TABEL INPUT'!C46 -> 0 | BI29: =SUM(BF29:BH29) -> 0
E30: =E29+B30-D30 -> 337945 | F30: =C30-D30 -> 0 | K30: =K29+I30-J30 -> 941317 | M30: =L30-J30 -> 0 | V30: =V29+O30+P30-Q30-R30-S30-T30+U30 -> 14081391 | AB30: =AB29+Z30-AA30 -> 638 | AD30: =AC30-AA30 -> 0 | AH30: =AH29+AF30-AG30 -> 320270 | AJ30: =AI30-AG30 -> 0 | AQ30: =AQ29+AN30-AO30+AP30 -> 199895 | AS30: =AR30-AO30 -> 0 | BB30: =BB29+AU30+AV30-AW30-AX30-AY30-AZ30+BA30 -> 0 | BC30: 0 | BE30: LISTRIK | BF30: ='TABEL INPUT'!C47 -> 0 | BI30: =SUM(BF30:BH30) -> 0
E31: =E30+B31-D31 -> 337945 | F31: =C31-D31 -> 0 | K31: =K30+I31-J31 -> 941317 | M31: =L31-J31 -> 0 | V31: =V30+O31+P31-Q31-R31-S31-T31+U31 -> 14081391 | AB31: =AB30+Z31-AA31 -> 638 | AD31: =AC31-AA31 -> 0 | AH31: =AH30+AF31-AG31 -> 320270 | AJ31: =AI31-AG31 -> 0 | AQ31: =AQ30+AN31-AO31+AP31 -> 199895 | AS31: =AR31-AO31 -> 0 | BB31: =BB30+AU31+AV31-AW31-AX31-AY31-AZ31+BA31 -> 0 | BC31: 0 | BE31: GAJI KARYAWAN | BF31: ='TABEL INPUT'!C48 -> 0 | BI31: =SUM(BF31:BH31) -> 0
E32: =E31+B32-D32 -> 337945 | F32: =C32-D32 -> 0 | K32: =K31+I32-J32 -> 941317 | M32: =L32-J32 -> 0 | V32: =V31+O32+P32-Q32-R32-S32-T32+U32 -> 14081391 | AB32: =AB31+Z32-AA32 -> 638 | AD32: =AC32-AA32 -> 0 | AH32: =AH31+AF32-AG32 -> 320270 | AJ32: =AI32-AG32 -> 0 | AQ32: =AQ31+AN32-AO32+AP32 -> 199895 | AS32: =AR32-AO32 -> 0 | BB32: =BB31+AU32+AV32-AW32-AX32-AY32-AZ32+BA32 -> 0 | BC32: 0 | BE32: ELINK | BF32: ='TABEL INPUT'!C49 -> 0 | BI32: =SUM(BF32:BH32) -> 0
E33: =E32+B33-D33 -> 337945 | F33: =C33-D33 -> 0 | K33: =K32+I33-J33 -> 941317 | M33: =L33-J33 -> 0 | V33: =V32+O33+P33-Q33-R33-S33-T33+U33 -> 14081391 | AB33: =AB32+Z33-AA33 -> 638 | AD33: =AC33-AA33 -> 0 | AH33: =AH32+AF33-AG33 -> 320270 | AJ33: =AI33-AG33 -> 0 | AQ33: =AQ32+AN33-AO33+AP33 -> 199895 | AS33: =AR33-AO33 -> 0 | BB33: =BB32+AU33+AV33-AW33-AX33-AY33-AZ33+BA33 -> 0 | BC33: 0 | BE33: SEWA TEMPAT | BF33: ='TABEL INPUT'!C50 -> 0 | BI33: =SUM(BF33:BH33) -> 0
E34: =E33+B34-D34 -> 337945 | F34: =C34-D34 -> 0 | K34: =K33+I34-J34 -> 941317 | M34: =L34-J34 -> 0 | V34: =V33+O34+P34-Q34-R34-S34-T34+U34 -> 14081391 | AB34: =AB33+Z34-AA34 -> 638 | AD34: =AC34-AA34 -> 0 | AH34: =AH33+AF34-AG34 -> 320270 | AJ34: =AI34-AG34 -> 0 | AQ34: =AQ33+AN34-AO34+AP34 -> 199895 | AS34: =AR34-AO34 -> 0 | BB34: =BB33+AU34+AV34-AW34-AX34-AY34-AZ34+BA34 -> 0 | BC34: 0 | BE34: LAINNYA | BF34: ='TABEL INPUT'!C52 -> 0 | BI34: =SUM(BF34:BH34) -> 0
E35: =E34+B35-D35 -> 337945 | F35: =C35-D35 -> 0 | K35: =K34+I35-J35 -> 941317 | M35: =L35-J35 -> 0 | V35: =V34+O35+P35-Q35-R35-S35-T35+U35 -> 14081391 | AB35: =AB34+Z35-AA35 -> 638 | AD35: =AC35-AA35 -> 0 | AH35: =AH34+AF35-AG35 -> 320270 | AJ35: =AI35-AG35 -> 0 | AQ35: =AQ34+AN35-AO35+AP35 -> 199895 | AS35: =AR35-AO35 -> 0 | BB35: =BB34+AU35+AV35-AW35-AX35-AY35-AZ35+BA35 -> 0 | BC35: 0
E36: =E35+B36-D36 -> 337945 | F36: =C36-D36 -> 0 | K36: =K35+I36-J36 -> 941317 | M36: =L36-J36 -> 0 | V36: =V35+O36+P36-Q36-R36-S36-T36+U36 -> 14081391 | AB36: =AB35+Z36-AA36 -> 638 | AD36: =AC36-AA36 -> 0 | AH36: =AH35+AF36-AG36 -> 320270 | AJ36: =AI36-AG36 -> 0 | AQ36: =AQ35+AN36-AO36+AP36 -> 199895 | AS36: =AR36-AO36 -> 0 | BB36: =BB35+AU36+AV36-AW36-AX36-AY36-AZ36+BA36 -> 0 | BC36: 0 | BE36: TOTAL | BF36: =BI26+BI27+BI28+BI29+BI30+BI31+BI32+BI33+BI34 -> 0
E37: =E36+B37-D37 -> 337945 | F37: =C37-D37 -> 0 | K37: =K36+I37-J37 -> 941317 | M37: =L37-J37 -> 0 | V37: =V36+O37+P37-Q37-R37-S37-T37+U37 -> 14081391 | AB37: =AB36+Z37-AA37 -> 638 | AD37: =AC37-AA37 -> 0 | AH37: =AH36+AF37-AG37 -> 320270 | AJ37: =AI37-AG37 -> 0 | AQ37: =AQ36+AN37-AO37+AP37 -> 199895 | AS37: =AR37-AO37 -> 0 | BB37: =BB36+AU37+AV37-AW37-AX37-AY37-AZ37+BA37 -> 0 | BC37: 0
E38: =E37+B38-D38 -> 337945 | F38: =C38-D38 -> 0 | K38: =K37+I38-J38 -> 941317 | M38: =L38-J38 -> 0 | V38: =V37+O38+P38-Q38-R38-S38-T38+U38 -> 14081391 | AB38: =AB37+Z38-AA38 -> 638 | AD38: =AC38-AA38 -> 0 | AH38: =AH37+AF38-AG38 -> 320270 | AJ38: =AI38-AG38 -> 0 | AQ38: =AQ37+AN38-AO38+AP38 -> 199895 | AS38: =AR38-AO38 -> 0 | BB38: =BB37+AU38+AV38-AW38-AX38-AY38-AZ38+BA38 -> 0 | BC38: 0
E39: =E38+B39-D39 -> 337945 | F39: =C39-D39 -> 0 | K39: =K38+I39-J39 -> 941317 | M39: =L39-J39 -> 0 | V39: =V38+O39+P39-Q39-R39-S39-T39+U39 -> 14081391 | AB39: =AB38+Z39-AA39 -> 638 | AD39: =AC39-AA39 -> 0 | AH39: =AH38+AF39-AG39 -> 320270 | AJ39: =AI39-AG39 -> 0 | AQ39: =AQ38+AN39-AO39+AP39 -> 199895 | AS39: =AR39-AO39 -> 0 | BB39: =BB38+AU39+AV39-AW39-AX39-AY39-AZ39+BA39 -> 0 | BC39: 0
E40: =E39+B40-D40 -> 337945 | F40: =C40-D40 -> 0 | K40: =K39+I40-J40 -> 941317 | M40: =L40-J40 -> 0 | V40: =V39+O40+P40-Q40-R40-S40-T40+U40 -> 14081391 | AB40: =AB39+Z40-AA40 -> 638 | AD40: =AC40-AA40 -> 0 | AH40: =AH39+AF40-AG40 -> 320270 | AJ40: =AI40-AG40 -> 0 | AQ40: =AQ39+AN40-AO40+AP40 -> 199895 | AS40: =AR40-AO40 -> 0 | BB40: =BB39+AU40+AV40-AW40-AX40-AY40-AZ40+BA40 -> 0 | BC40: 0
E41: =E40+B41-D41 -> 337945 | F41: =C41-D41 -> 0 | K41: =K40+I41-J41 -> 941317 | M41: =L41-J41 -> 0 | V41: =V40+O41+P41-Q41-R41-S41-T41+U41 -> 14081391 | AB41: =AB40+Z41-AA41 -> 638 | AD41: =AC41-AA41 -> 0 | AH41: =AH40+AF41-AG41 -> 320270 | AJ41: =AI41-AG41 -> 0 | AQ41: =AQ40+AN41-AO41+AP41 -> 199895 | AS41: =AR41-AO41 -> 0 | BB41: =BB40+AU41+AV41-AW41-AX41-AY41-AZ41+BA41 -> 0 | BC41: 0
E42: =E41+B42-D42 -> 337945 | F42: =C42-D42 -> 0 | K42: =K41+I42-J42 -> 941317 | M42: =L42-J42 -> 0 | V42: =V41+O42+P42-Q42-R42-S42-T42+U42 -> 14081391 | AB42: =AB41+Z42-AA42 -> 638 | AD42: =AC42-AA42 -> 0 | AH42: =AH41+AF42-AG42 -> 320270 | AJ42: =AI42-AG42 -> 0 | AQ42: =AQ41+AN42-AO42+AP42 -> 199895 | AS42: =AR42-AO42 -> 0 | BB42: =BB41+AU42+AV42-AW42-AX42-AY42-AZ42+BA42 -> 0 | BC42: 0
E43: =E42+B43-D43 -> 337945 | F43: =C43-D43 -> 0 | K43: =K42+I43-J43 -> 941317 | M43: =L43-J43 -> 0 | V43: =V42+O43+P43-Q43-R43-S43-T43+U43 -> 14081391 | AB43: =AB42+Z43-AA43 -> 638 | AD43: =AC43-AA43 -> 0 | AH43: =AH42+AF43-AG43 -> 320270 | AJ43: =AI43-AG43 -> 0 | AQ43: =AQ42+AN43-AO43+AP43 -> 199895 | AS43: =AR43-AO43 -> 0 | BB43: =BB42+AU43+AV43-AW43-AX43-AY43-AZ43+BA43 -> 0 | BC43: 0
E44: =E43+B44-D44 -> 337945 | F44: =C44-D44 -> 0 | K44: =K43+I44-J44 -> 941317 | M44: =L44-J44 -> 0 | V44: =V43+O44+P44-Q44-R44-S44-T44+U44 -> 14081391 | AB44: =AB43+Z44-AA44 -> 638 | AD44: =AC44-AA44 -> 0 | AH44: =AH43+AF44-AG44 -> 320270 | AJ44: =AI44-AG44 -> 0 | AQ44: =AQ43+AN44-AO44+AP44 -> 199895 | AS44: =AR44-AO44 -> 0 | BB44: =BB43+AU44+AV44-AW44-AX44-AY44-AZ44+BA44 -> 0 | BC44: 0
E45: =E44+B45-D45 -> 337945 | F45: =C45-D45 -> 0 | K45: =K44+I45-J45 -> 941317 | M45: =L45-J45 -> 0 | V45: =V44+O45+P45-Q45-R45-S45-T45+U45 -> 14081391 | AB45: =AB44+Z45-AA45 -> 638 | AD45: =AC45-AA45 -> 0 | AH45: =AH44+AF45-AG45 -> 320270 | AJ45: =AI45-AG45 -> 0 | AQ45: =AQ44+AN45-AO45+AP45 -> 199895 | AS45: =AR45-AO45 -> 0 | BB45: =BB44+AU45+AV45-AW45-AX45-AY45-AZ45+BA45 -> 0 | BC45: 0
E46: =E45+B46-D46 -> 337945 | F46: =C46-D46 -> 0 | K46: =K45+I46-J46 -> 941317 | M46: =L46-J46 -> 0 | V46: =V45+O46+P46-Q46-R46-S46-T46+U46 -> 14081391 | AB46: =AB45+Z46-AA46 -> 638 | AD46: =AC46-AA46 -> 0 | AH46: =AH45+AF46-AG46 -> 320270 | AJ46: =AI46-AG46 -> 0 | AQ46: =AQ45+AN46-AO46+AP46 -> 199895 | AS46: =AR46-AO46 -> 0 | BB46: =BB45+AU46+AV46-AW46-AX46-AY46-AZ46+BA46 -> 0 | BC46: 0
E47: =E46+B47-D47 -> 337945 | F47: =C47-D47 -> 0 | K47: =K46+I47-J47 -> 941317 | M47: =L47-J47 -> 0 | V47: =V46+O47+P47-Q47-R47-S47-T47+U47 -> 14081391 | AB47: =AB46+Z47-AA47 -> 638 | AD47: =AC47-AA47 -> 0 | AH47: =AH46+AF47-AG47 -> 320270 | AJ47: =AI47-AG47 -> 0 | AQ47: =AQ46+AN47-AO47+AP47 -> 199895 | AS47: =AR47-AO47 -> 0 | BB47: =BB46+AU47+AV47-AW47-AX47-AY47-AZ47+BA47 -> 0 | BC47: 0
E48: =E47+B48-D48 -> 337945 | F48: =C48-D48 -> 0 | K48: =K47+I48-J48 -> 941317 | M48: =L48-J48 -> 0 | V48: =V47+O48+P48-Q48-R48-S48-T48+U48 -> 14081391 | AB48: =AB47+Z48-AA48 -> 638 | AD48: =AC48-AA48 -> 0 | AH48: =AH47+AF48-AG48 -> 320270 | AJ48: =AI48-AG48 -> 0 | AQ48: =AQ47+AN48-AO48+AP48 -> 199895 | AS48: =AR48-AO48 -> 0 | BB48: =BB47+AU48+AV48-AW48-AX48-AY48-AZ48+BA48 -> 0 | BC48: 0
... E190: =E189+B190-D190 -> 337945 | F190: =C190-D190 -> 0 | K190: =K189+I190-J190 -> 941317 | M190: =L190-J190 -> 0 | V190: =V189+O190+P190-Q190-R190-S190-T190+U190 -> 14081391 | AB190: =AB189+Z190-AA190 -> 638 | AD190: =AC190-AA190 -> 0 | AH190: =AH189+AF190-AG190 -> 320270 | AJ190: =AI190-AG190 -> 0 | AQ190: =AQ189+AN190-AO190+AP190 -> 199895 | AS190: =AR190-AO190 -> 0 | BB190: =BB189+AU190+AV190-AW190-AX190-AY190-AZ190+BA190 -> 0 | BC190: 0
F191: =SUM(F6:F190) -> 0 | M191: =SUM(M6:M190) -> 0 | T191: =SUM(T6:T190) -> 0 | U191: =SUM(U6:U190) -> 0 | W191: =SUM(W6:W190) -> 0 | AD191: =SUM(AD6:AD190) -> 0 | AJ191: =SUM(AJ6:AJ190) -> 0 | AP191: =SUM(AP6:AP190) -> 0 | AS191: =SUM(AS6:AS190) -> 0 | BA191: =SUM(BA6:BA190) -> 0 | BC191: =SUM(BC6:BC190) -> 0
BB193: PROFIT | BC193: =F191+M191+U191+W191+AD191+AJ191+AP191+AS191+BA191+BC191 -> 0
B197: DIGI POS | I197: EDC FASTPAY | O197: BRILINK / BRIMO T1 | Z197: 3 SAKTI | AF197: RITA PPOB | AN197: PEGADAIAN | AU197: SIDOMPUL

Sheet AGEN SIKU EHA
A3: KIOS | E3: DIGIPOS R2 SIKU EHA 085189220661 | K3: EDC FRANSISKA MARGARETHA FA391817 | R3: BRILINK CHYKA 469301000223502 | AB3: 3 SAKTI CHYKA 08999977283 | AH3: SIMPEL IM3 085702789843 | AP3: PEGADAIAN CHYKA + 2437 | AW3: SIDOMPUL 087788625894
A4: BELANJA | B4: PENJUALAN | E4: TOP UP | F4: HARGA JUAL | G4: HARGA MODAL | H4: SALDO | I4: BIAYA | K4: TARIK / TOP UP | L4: TRANSFER | M4: SALDO | N4: HARGA JUAL | O4: BIAYA | R4: TOP UP | S4: TARIK TUNAI | T4: BRIMO KELUAR | U4: TRANSFER BRI | V4: LAINNYA | W4: ADMIN BANK | X4: FEE | Y4: SALDO | Z4: BIAYA | AB4: TARIK / TOP UP | AC4: TRANSFER | AD4: SALDO | AE4: HARGA JUAL | AF4: BIAYA | AH4: TARIK / TOP UP | AI4: TRANSFER | AJ4: SALDO | AK4: HARGA JUAL | AL4: BIAYA | AP4: TOP UP | AQ4: TRANSFER KELUAR | AR4: KOMISI | AS4: SALDO | AT4: HARGA BAYAR | AU4: BIAYA | AW4: TOP UP | AX4: JUAL PULSA | AY4: HARGA MODAL | AZ4: SALDO | BA4: BIAYA
H5: ='TABEL INPUT'!F4 -> 341717 | M5: ='TABEL INPUT'!F9 -> 975218 | O5: =N5-L5 -> 0 | Y5: ='TABEL INPUT'!F5 -> 5000000 | AD5: ='TABEL INPUT'!F8 -> 528915 | AF5: =AE5-AC5 -> 0 | AJ5: ='TABEL INPUT'!F10 -> 376533 | AL5: =AK5-AI5 -> 0 | AS5: ='TABEL INPUT'!F7 -> 208871 | AU5: =AT5-AQ5 -> 0 | AZ5: 0 | BC5: PENGELUARAN
H6: =H5+E6-G6 -> 341717 | I6: =F6-G6 -> 0 | M6: =SUM(M5+K6-L6) -> 975218 | O6: =N6-L6 -> 0 | Y6: =Y5+R6+S6-T6-U6-V6-W6+X6 -> 5000000 | Z6: ='TABEL INPUT'!F32 -> 0 | AD6: =AD5+AB6-AC6 -> 528915 | AF6: =AE6-AC6 -> 0 | AJ6: =AJ5+AH6-AI6 -> 376533 | AL6: =AK6-AI6 -> 0 | AS6: =AS5+AP6-AQ6+AR6 -> 208871 | AU6: =AT6-AQ6 -> 0 | AZ6: =AZ5+AW6-AY6 -> 0 | BA6: =AX6-AY6 -> 0 | BC6: BIAYA TOP UP | BD6: ='TABEL INPUT'!F43 -> 0 | BG6: =SUM(BD6:BF6) -> 0
H7: =H6+E7-G7 -> 341717 | I7: =F7-G7 -> 0 | M7: =SUM(M6+K7-L7) -> 975218 | O7: =N7-L7 -> 0 | Y7: =Y6+R7+S7-T7-U7-V7-W7+X7 -> 5000000 | Z7: ='TABEL INPUT'!F33 -> 0 | AD7: =AD6+AB7-AC7 -> 528915 | AF7: =AE7-AC7 -> 0 | AJ7: =AJ6+AH7-AI7 -> 376533 | AL7: =AK7-AI7 -> 0 | AS7: =AS6+AP7-AQ7+AR7 -> 208871 | AU7: =AT7-AQ7 -> 0 | AZ7: =AZ6+AW7-AY7 -> 0 | BA7: =AX7-AY7 -> 0 | BC7: ADMIN BULANAN | BD7: ='TABEL INPUT'!F44 -> 0 | BG7: =SUM(BD7:BF7) -> 0
H8: =H7+E8-G8 -> 341717 | I8: =F8-G8 -> 0 | M8: =SUM(M7+K8-L8) -> 975218 | O8: =N8-L8 -> 0 | Y8: =Y7+R8+S8-T8-U8-V8-W8+X8 -> 5000000 | Z8: ='TABEL INPUT'!F34 -> 0 | AD8: =AD7+AB8-AC8 -> 528915 | AF8: =AE8-AC8 -> 0 | AJ8: =AJ7+AH8-AI8 -> 376533 | AL8: =AK8-AI8 -> 0 | AS8: =AS7+AP8-AQ8+AR8 -> 208871 | AU8: =AT8-AQ8 -> 0 | AZ8: =AZ7+AW8-AY8 -> 0 | BA8: =AX8-AY8 -> 0 | BC8: DATA | BD8: ='TABEL INPUT'!F45 -> 0 | BG8: =SUM(BD8:BF8) -> 0
H9: =H8+E9-G9 -> 341717 | I9: =F9-G9 -> 0 | M9: =SUM(M8+K9-L9) -> 975218 | O9: =N9-L9 -> 0 | Y9: =Y8+R9+S9-T9-U9-V9-W9+X9 -> 5000000 | Z9: ='TABEL INPUT'!F35 -> 0 | AD9: =AD8+AB9-AC9 -> 528915 | AF9: =AE9-AC9 -> 0 | AJ9: =AJ8+AH9-AI9 -> 376533 | AL9: =AK9-AI9 -> 0 | AO9: 0 | AS9: =AS8+AP9-AQ9+AR9 -> 208871 | AU9: =AT9-AQ9 -> 0 | AZ9: =AZ8+AW9-AY9 -> 0 | BA9: =AX9-AY9 -> 0 | BC9: AIR GALON | BD9: ='TABEL INPUT'!F46 -> 0 | BG9: =SUM(BD9:BF9) -> 0
H10: =H9+E10-G10 -> 341717 | I10: =F10-G10 -> 0 | M10: =SUM(M9+K10-L10) -> 975218 | O10: =N10-L10 -> 0 | Y10: =Y9+R10+S10-T10-U10-V10-W10+X10 -> 5000000 | Z10: ='TABEL INPUT'!F36 -> 0 | AD10: =AD9+AB10-AC10 -> 528915 | AF10: =AE10-AC10 -> 0 | AJ10: =AJ9+AH10-AI10 -> 376533 | AL10: =AK10-AI10 -> 0 | AS10: =AS9+AP10-AQ10+AR10 -> 208871 | AU10: =AT10-AQ10 -> 0 | AZ10: =AZ9+AW10-AY10 -> 0 | BA10: =AX10-AY10 -> 0 | BC10: LISTRIK | BD10: ='TABEL INPUT'!F47 -> 0 | BG10: =SUM(BD10:BF10) -> 0
H11: =H10+E11-G11 -> 341717 | I11: =F11-G11 -> 0 | M11: =SUM(M10+K11-L11) -> 975218 | O11: =N11-L11 -> 0 | Y11: =Y10+R11+S11-T11-U11-V11-W11+X11 -> 5000000 | Z11: ='TABEL INPUT'!F37 -> 0 | AD11: =AD10+AB11-AC11 -> 528915 | AF11: =AE11-AC11 -> 0 | AJ11: =AJ10+AH11-AI11 -> 376533 | AL11: =AK11-AI11 -> 0 | AS11: =AS10+AP11-AQ11+AR11 -> 208871 | AU11: =AT11-AQ11 -> 0 | AZ11: =AZ10+AW11-AY11 -> 0 | BA11: =AX11-AY11 -> 0 | BC11: GAJI KARYAWAN | BD11: ='TABEL INPUT'!F48 -> 0 | BG11: =SUM(BD11:BF11) -> 0
H12: =H11+E12-G12 -> 341717 | I12: =F12-G12 -> 0 | M12: =SUM(M11+K12-L12) -> 975218 | O12: =N12-L12 -> 0 | Y12: =Y11+R12+S12-T12-U12-V12-W12+X12 -> 5000000 | Z12: ='TABEL INPUT'!F38 -> 0 | AD12: =AD11+AB12-AC12 -> 528915 | AF12: =AE12-AC12 -> 0 | AJ12: =AJ11+AH12-AI12 -> 376533 | AL12: =AK12-AI12 -> 0 | AS12: =AS11+AP12-AQ12+AR12 -> 208871 | AU12: =AT12-AQ12 -> 0 | AZ12: =AZ11+AW12-AY12 -> 0 | BA12: =AX12-AY12 -> 0 | BC12: ELINK | BD12: ='TABEL INPUT'!F49 -> 0 | BG12: =SUM(BD12:BF12) -> 0
H13: =H12+E13-G13 -> 341717 | I13: =F13-G13 -> 0 | M13: =SUM(M12+K13-L13) -> 975218 | O13: =N13-L13 -> 0 | Y13: =Y12+R13+S13-T13-U13-V13-W13+X13 -> 5000000 | AD13: =AD12+AB13-AC13 -> 528915 | AF13: =AE13-AC13 -> 0 | AJ13: =AJ12+AH13-AI13 -> 376533 | AL13: =AK13-AI13 -> 0 | AS13: =AS12+AP13-AQ13+AR13 -> 208871 | AU13: =AT13-AQ13 -> 0 | AZ13: =AZ12+AW13-AY13 -> 0 | BA13: =AX13-AY13 -> 0 | BC13: SEWA TEMPAT | BD13: ='TABEL INPUT'!F50 -> 0 | BG13: =SUM(BD13:BF13) -> 0
H14: =H13+E14-G14 -> 341717 | I14: =F14-G14 -> 0 | M14: =SUM(M13+K14-L14) -> 975218 | O14: =N14-L14 -> 0 | Y14: =Y13+R14+S14-T14-U14-V14-W14+X14 -> 5000000 | AD14: =AD13+AB14-AC14 -> 528915 | AF14: =AE14-AC14 -> 0 | AJ14: =AJ13+AH14-AI14 -> 376533 | AL14: =AK14-AI14 -> 0 | AS14: =AS13+AP14-AQ14+AR14 -> 208871 | AU14: =AT14-AQ14 -> 0 | AZ14: =AZ13+AW14-AY14 -> 0 | BA14: =AX14-AY14 -> 0 | BC14: LAINNYA | BD14: ='TABEL INPUT'!F52 -> 0 | BG14: =SUM(BD14:BF14) -> 0
H15: =H14+E15-G15 -> 341717 | I15: =F15-G15 -> 0 | M15: =SUM(M14+K15-L15) -> 975218 | O15: =N15-L15 -> 0 | Y15: =Y14+R15+S15-T15-U15-V15-W15+X15 -> 5000000 | AD15: =AD14+AB15-AC15 -> 528915 | AF15: =AE15-AC15 -> 0 | AJ15: =AJ14+AH15-AI15 -> 376533 | AL15: =AK15-AI15 -> 0 | AS15: =AS14+AP15-AQ15+AR15 -> 208871 | AU15: =AT15-AQ15 -> 0 | AZ15: =AZ14+AW15-AY15 -> 0 | BA15: =AX15-AY15 -> 0
H16: =H15+E16-G16 -> 341717 | I16: =F16-G16 -> 0 | M16: =SUM(M15+K16-L16) -> 975218 | O16: =N16-L16 -> 0 | Y16: =Y15+R16+S16-T16-U16-V16-W16+X16 -> 5000000 | AD16: =AD15+AB16-AC16 -> 528915 | AF16: =AE16-AC16 -> 0 | AJ16: =AJ15+AH16-AI16 -> 376533 | AL16: =AK16-AI16 -> 0 | AS16: =AS15+AP16-AQ16+AR16 -> 208871 | AU16: =AT16-AQ16 -> 0 | AZ16: =AZ15+AW16-AY16 -> 0 | BA16: =AX16-AY16 -> 0 | BC16: TOTAL | BD16: =BG6+BG7+BG8+BG9+BG10+BG11+BG12+BG13+BG14 -> 0
H17: =H16+E17-G17 -> 341717 | I17: =F17-G17 -> 0 | M17: =SUM(M16+K17-L17) -> 975218 | O17: =N17-L17 -> 0 | Y17: =Y16+R17+S17-T17-U17-V17-W17+X17 -> 5000000 | AD17: =AD16+AB17-AC17 -> 528915 | AF17: =AE17-AC17 -> 0 | AJ17: =AJ16+AH17-AI17 -> 376533 | AL17: =AK17-AI17 -> 0 | AS17: =AS16+AP17-AQ17+AR17 -> 208871 | AU17: =AT17-AQ17 -> 0 | AZ17: =AZ16+AW17-AY17 -> 0 | BA17: =AX17-AY17 -> 0
H18: =H17+E18-G18 -> 341717 | I18: =F18-G18 -> 0 | M18: =SUM(M17+K18-L18) -> 975218 | O18: =N18-L18 -> 0 | Y18: =Y17+R18+S18-T18-U18-V18-W18+X18 -> 5000000 | AD18: =AD17+AB18-AC18 -> 528915 | AF18: =AE18-AC18 -> 0 | AJ18: =AJ17+AH18-AI18 -> 376533 | AL18: =AK18-AI18 -> 0 | AS18: =AS17+AP18-AQ18+AR18 -> 208871 | AU18: =AT18-AQ18 -> 0 | AZ18: =AZ17+AW18-AY18 -> 0 | BA18: =AX18-AY18 -> 0
H19: =H18+E19-G19 -> 341717 | I19: =F19-G19 -> 0 | M19: =SUM(M18+K19-L19) -> 975218 | O19: =N19-L19 -> 0 | Y19: =Y18+R19+S19-T19-U19-V19-W19+X19 -> 5000000 | AD19: =AD18+AB19-AC19 -> 528915 | AF19: =AE19-AC19 -> 0 | AJ19: =AJ18+AH19-AI19 -> 376533 | AL19: =AK19-AI19 -> 0 | AS19: =AS18+AP19-AQ19+AR19 -> 208871 | AU19: =AT19-AQ19 -> 0 | AZ19: =AZ18+AW19-AY19 -> 0 | BA19: =AX19-AY19 -> 0
H20: =H19+E20-G20 -> 341717 | I20: =F20-G20 -> 0 | M20: =SUM(M19+K20-L20) -> 975218 | O20: =N20-L20 -> 0 | Y20: =Y19+R20+S20-T20-U20-V20-W20+X20 -> 5000000 | AD20: =AD19+AB20-AC20 -> 528915 | AF20: =AE20-AC20 -> 0 | AJ20: =AJ19+AH20-AI20 -> 376533 | AL20: =AK20-AI20 -> 0 | AS20: =AS19+AP20-AQ20+AR20 -> 208871 | AU20: =AT20-AQ20 -> 0 | AZ20: =AZ19+AW20-AY20 -> 0 | BA20: =AX20-AY20 -> 0
H21: =H20+E21-G21 -> 341717 | I21: =F21-G21 -> 0 | M21: =SUM(M20+K21-L21) -> 975218 | O21: =N21-L21 -> 0 | Y21: =Y20+R21+S21-T21-U21-V21-W21+X21 -> 5000000 | AD21: =AD20+AB21-AC21 -> 528915 | AF21: =AE21-AC21 -> 0 | AJ21: =AJ20+AH21-AI21 -> 376533 | AL21: =AK21-AI21 -> 0 | AS21: =AS20+AP21-AQ21+AR21 -> 208871 | AU21: =AT21-AQ21 -> 0 | AZ21: =AZ20+AW21-AY21 -> 0 | BA21: =AX21-AY21 -> 0
H22: =H21+E22-G22 -> 341717 | I22: =F22-G22 -> 0 | M22: =SUM(M21+K22-L22) -> 975218 | O22: =N22-L22 -> 0 | Y22: =Y21+R22+S22-T22-U22-V22-W22+X22 -> 5000000 | AD22: =AD21+AB22-AC22 -> 528915 | AF22: =AE22-AC22 -> 0 | AJ22: =AJ21+AH22-AI22 -> 376533 | AL22: =AK22-AI22 -> 0 | AS22: =AS21+AP22-AQ22+AR22 -> 208871 | AU22: =AT22-AQ22 -> 0 | AZ22: =AZ21+AW22-AY22 -> 0 | BA22: =AX22-AY22 -> 0
H23: =H22+E23-G23 -> 341717 | I23: =F23-G23 -> 0 | M23: =SUM(M22+K23-L23) -> 975218 | O23: =N23-L23 -> 0 | Y23: =Y22+R23+S23-T23-U23-V23-W23+X23 -> 5000000 | AD23: =AD22+AB23-AC23 -> 528915 | AF23: =AE23-AC23 -> 0 | AJ23: =AJ22+AH23-AI23 -> 376533 | AL23: =AK23-AI23 -> 0 | AS23: =AS22+AP23-AQ23+AR23 -> 208871 | AU23: =AT23-AQ23 -> 0 | AZ23: =AZ22+AW23-AY23 -> 0 | BA23: =AX23-AY23 -> 0
H24: =H23+E24-G24 -> 341717 | I24: =F24-G24 -> 0 | M24: =SUM(M23+K24-L24) -> 975218 | O24: =N24-L24 -> 0 | Y24: =Y23+R24+S24-T24-U24-V24-W24+X24 -> 5000000 | AD24: =AD23+AB24-AC24 -> 528915 | AF24: =AE24-AC24 -> 0 | AJ24: =AJ23+AH24-AI24 -> 376533 | AL24: =AK24-AI24 -> 0 | AS24: =AS23+AP24-AQ24+AR24 -> 208871 | AU24: =AT24-AQ24 -> 0 | AZ24: =AZ23+AW24-AY24 -> 0 | BA24: =AX24-AY24 -> 0
H25: =H24+E25-G25 -> 341717 | I25: =F25-G25 -> 0 | M25: =SUM(M24+K25-L25) -> 975218 | O25: =N25-L25 -> 0 | Y25: =Y24+R25+S25-T25-U25-V25-W25+X25 -> 5000000 | AD25: =AD24+AB25-AC25 -> 528915 | AF25: =AE25-AC25 -> 0 | AJ25: =AJ24+AH25-AI25 -> 376533 | AL25: =AK25-AI25 -> 0 | AS25: =AS24+AP25-AQ25+AR25 -> 208871 | AU25: =AT25-AQ25 -> 0 | AZ25: =AZ24+AW25-AY25 -> 0 | BA25: =AX25-AY25 -> 0
H26: =H25+E26-G26 -> 341717 | I26: =F26-G26 -> 0 | M26: =SUM(M25+K26-L26) -> 975218 | O26: =N26-L26 -> 0 | Y26: =Y25+R26+S26-T26-U26-V26-W26+X26 -> 5000000 | AD26: =AD25+AB26-AC26 -> 528915 | AF26: =AE26-AC26 -> 0 | AJ26: =AJ25+AH26-AI26 -> 376533 | AL26: =AK26-AI26 -> 0 | AS26: =AS25+AP26-AQ26+AR26 -> 208871 | AU26: =AT26-AQ26 -> 0 | AZ26: =AZ25+AW26-AY26 -> 0 | BA26: =AX26-AY26 -> 0
H27: =H26+E27-G27 -> 341717 | I27: =F27-G27 -> 0 | M27: =SUM(M26+K27-L27) -> 975218 | O27: =N27-L27 -> 0 | Y27: =Y26+R27+S27-T27-U27-V27-W27+X27 -> 5000000 | AD27: =AD26+AB27-AC27 -> 528915 | AF27: =AE27-AC27 -> 0 | AJ27: =AJ26+AH27-AI27 -> 376533 | AL27: =AK27-AI27 -> 0 | AS27: =AS26+AP27-AQ27+AR27 -> 208871 | AU27: =AT27-AQ27 -> 0 | AZ27: =AZ26+AW27-AY27 -> 0 | BA27: =AX27-AY27 -> 0
H28: =H27+E28-G28 -> 341717 | I28: =F28-G28 -> 0 | M28: =SUM(M27+K28-L28) -> 975218 | O28: =N28-L28 -> 0 | Y28: =Y27+R28+S28-T28-U28-V28-W28+X28 -> 5000000 | AD28: =AD27+AB28-AC28 -> 528915 | AF28: =AE28-AC28 -> 0 | AJ28: =AJ27+AH28-AI28 -> 376533 | AL28: =AK28-AI28 -> 0 | AS28: =AS27+AP28-AQ28+AR28 -> 208871 | AU28: =AT28-AQ28 -> 0 | AZ28: =AZ27+AW28-AY28 -> 0 | BA28: =AX28-AY28 -> 0
... H190: =H189+E190-G190 -> 341717 | I190: =F190-G190 -> 0 | M190: =SUM(M189+K190-L190) -> 975218 | O190: =N190-L190 -> 0 | Y190: =Y189+R190+S190-T190-U190-V190-W190+X190 -> 5000000 | AD190: =AD189+AB190-AC190 -> 528915 | AF190: =AE190-AC190 -> 0 | AJ190: =AJ189+AH190-AI190 -> 376533 | AL190: =AK190-AI190 -> 0 | AS190: =AS189+AP190-AQ190+AR190 -> 208871 | AU190: =AT190-AQ190 -> 0 | AZ190: =AZ189+AW190-AY190 -> 0 | BA190: =AX190-AY190 -> 0
I191: =SUM(I6:I190) -> 0 | O191: =SUM(O6:O190) -> 0 | W191: =SUM(W6:W190) -> 0 | X191: =SUM(X6:X190) -> 0 | Z191: =SUM(Z6:Z190) -> 0 | AF191: =SUM(AF6:AF190) -> 0 | AL191: =SUM(AL6:AL190) -> 0 | AR191: =SUM(AR6:AR190) -> 0 | AU191: =SUM(AU6:AU190) -> 0 | BA191: =SUM(BA6:BA190) -> 0
AZ193: PROFIT | BA193: =I191+O191+X191+Z191+AF191+AL191+AR191+AU191+BA191 -> 0
E197: DIGI POS | K197: EDC FASTPAY | R197: BRIMO C1 | AB197: 3 SAKTI | AH197: RITA PPOB | AP197: PEGADAIAN | AW197: SIDOMPUL

Sheet AGEN HABIBOLA
A3: DIGIPOS | H3: FAST PAY | N3: PEGADAIAN | U3: BRIMO | AA3: BNI | AG3: BCA | AM3: MANDIRI | AS3: BPD NTT
A4: O85191401601 FRANSISKA MARGARETHA | H4: FA391817 FRANSISKA MARGARETHA PRADA | N4: O85191401601 MARIA MAGDALENA | U4: ALDOPUS YOMANSIUS BURA 0119 0101 1019 532 | AA4: SEFTIANUS RUBEN 1110203088 | AG4: SEFTIANUS RUBEN 6986084102 | AM4: SEFTIANUS RUBEN 1810003483022 | AS4: SEFTIANUS RUBEN 2511214109
A5: TOP UP | B5: HARGA JUAL | C5: HARGA MODAL | D5: SALDO | E5: BIAYA | H5: TARIK / TOP UP | I5: TRANSFER KELUAR | J5: SALDO | K5: HARGA JUAL | L5: BIAYA | N5: TOP UP | O5: TRANSFER KELUAR | P5: FEE | Q5: SALDO | R5: HARGA BAYAR | S5: BIAYA | U5: TRANSFER MASUK | V5: TRANSFER KELUAR | W5: BIAYA ADMIN BANK | X5: SALDO | Y5: BIAYA | AA5: TRANSFER MASUK | AB5: TRANSFER KELUAR | AC5: ADMIN BANK | AD5: SALDO | AE5: BIAYA | AG5: TRANSFER MASUK | AH5: TRANSFER KELUAR | AI5: ADMIN BANK | AJ5: SALDO | AK5: BIAYA | AM5: TRANSFER MASUK | AN5: TRANSFER KELUAR | AO5: ADMIN BANK | AP5: SALDO | AQ5: BIAYA | AS5: TRANSFER MASUK | AT5: TRANSFER KELUAR | AU5: ADMIN BANK | AV5: SALDO | AW5: BIAYA
D6: ='TABEL INPUT'!I5 -> 856669 | J6: ='TABEL INPUT'!I11 -> 36916 | Q6: ='TABEL INPUT'!I12 -> 159814 | X6: ='TABEL INPUT'!I6 -> 26290 | AD6: ='TABEL INPUT'!I7 -> 21907 | AJ6: ='TABEL INPUT'!I8 -> 82000 | AP6: ='TABEL INPUT'!I9 -> 46000 | AV6: ='TABEL INPUT'!I10 -> 69862 | AY6: PENGELUARAN
D7: =D6+A7-C7 -> 856669 | E7: =B7-C7 -> 0 | J7: =J6+H7-I7 -> 36916 | L7: =K7-I7 -> 0 | Q7: =Q6+N7-O7+P7 -> 159814 | S7: =R7-O7+P7 -> 0 | X7: =X6+U7-V7-W7 -> 26290 | Y7: ='TABEL INPUT'!I32 -> 0 | AD7: =AD6+AA7-AB7-AC7 -> 21907 | AJ7: =AJ6+AG7-AH7-AI7 -> 82000 | AP7: =AP6+AM7-AN7-AO7 -> 46000 | AV7: =AV6+AS7-AT7-AU7 -> 69862 | AY7: BIAYA TOP UP / TARIK | AZ7: ='TABEL INPUT'!I43 -> 0 | BC7: =SUM(AZ7:BB7) -> 0
D8: =D7+A8-C8 -> 856669 | E8: =B8-C8 -> 0 | J8: =J7+H8-I8 -> 36916 | L8: =K8-I8 -> 0 | Q8: =Q7+N8-O8+P8 -> 159814 | S8: =R8-O8+P8 -> 0 | X8: =X7+U8-V8-W8 -> 26290 | Y8: ='TABEL INPUT'!I33 -> 0 | AD8: =AD7+AA8-AB8-AC8 -> 21907 | AJ8: =AJ7+AG8-AH8-AI8 -> 82000 | AP8: =AP7+AM8-AN8-AO8 -> 46000 | AV8: =AV7+AS8-AT8-AU8 -> 69862 | AY8: ADMIN BULANAN | AZ8: ='TABEL INPUT'!I44 -> 0 | BC8: =SUM(AZ8:BB8) -> 0
D9: =D8+A9-C9 -> 856669 | E9: =B9-C9 -> 0 | J9: =J8+H9-I9 -> 36916 | L9: =K9-I9 -> 0 | Q9: =Q8+N9-O9+P9 -> 159814 | S9: =R9-O9+P9 -> 0 | X9: =X8+U9-V9-W9 -> 26290 | Y9: ='TABEL INPUT'!I34 -> 0 | AD9: =AD8+AA9-AB9-AC9 -> 21907 | AJ9: =AJ8+AG9-AH9-AI9 -> 82000 | AP9: =AP8+AM9-AN9-AO9 -> 46000 | AV9: =AV8+AS9-AT9-AU9 -> 69862 | AY9: DATA | AZ9: ='TABEL INPUT'!I45 -> 0 | BC9: =SUM(AZ9:BB9) -> 0
D10: =D9+A10-C10 -> 856669 | E10: =B10-C10 -> 0 | J10: =J9+H10-I10 -> 36916 | L10: =K10-I10 -> 0 | Q10: =Q9+N10-O10+P10 -> 159814 | S10: =R10-O10+P10 -> 0 | X10: =X9+U10-V10-W10 -> 26290 | Y10: ='TABEL INPUT'!I35 -> 0 | AD10: =AD9+AA10-AB10-AC10 -> 21907 | AJ10: =AJ9+AG10-AH10-AI10 -> 82000 | AP10: =AP9+AM10-AN10-AO10 -> 46000 | AV10: =AV9+AS10-AT10-AU10 -> 69862 | AY10: AIR GALON | AZ10: ='TABEL INPUT'!I46 -> 0 | BC10: =SUM(AZ10:BB10) -> 0
D11: =D10+A11-C11 -> 856669 | E11: =B11-C11 -> 0 | J11: =J10+H11-I11 -> 36916 | L11: =K11-I11 -> 0 | Q11: =Q10+N11-O11+P11 -> 159814 | S11: =R11-O11+P11 -> 0 | X11: =X10+U11-V11-W11 -> 26290 | Y11: ='TABEL INPUT'!I36 -> 0 | AD11: =AD10+AA11-AB11-AC11 -> 21907 | AJ11: =AJ10+AG11-AH11-AI11 -> 82000 | AP11: =AP10+AM11-AN11-AO11 -> 46000 | AV11: =AV10+AS11-AT11-AU11 -> 69862 | AY11: LISTRIK | AZ11: ='TABEL INPUT'!I47 -> 0 | BC11: =SUM(AZ11:BB11) -> 0
D12: =D11+A12-C12 -> 856669 | E12: =B12-C12 -> 0 | J12: =J11+H12-I12 -> 36916 | L12: =K12-I12 -> 0 | Q12: =Q11+N12-O12+P12 -> 159814 | S12: =R12-O12+P12 -> 0 | X12: =X11+U12-V12-W12 -> 26290 | Y12: ='TABEL INPUT'!I37 -> 0 | AD12: =AD11+AA12-AB12-AC12 -> 21907 | AJ12: =AJ11+AG12-AH12-AI12 -> 82000 | AP12: =AP11+AM12-AN12-AO12 -> 46000 | AV12: =AV11+AS12-AT12-AU12 -> 69862 | AY12: GAJI KARYAWAN | AZ12: ='TABEL INPUT'!I48 -> 0 | BC12: =SUM(AZ12:BB12) -> 0
D13: =D12+A13-C13 -> 856669 | E13: =B13-C13 -> 0 | J13: =J12+H13-I13 -> 36916 | L13: =K13-I13 -> 0 | Q13: =Q12+N13-O13+P13 -> 159814 | S13: =R13-O13+P13 -> 0 | X13: =X12+U13-V13-W13 -> 26290 | Y13: ='TABEL INPUT'!I38 -> 0 | AD13: =AD12+AA13-AB13-AC13 -> 21907 | AJ13: =AJ12+AG13-AH13-AI13 -> 82000 | AP13: =AP12+AM13-AN13-AO13 -> 46000 | AV13: =AV12+AS13-AT13-AU13 -> 69862 | AY13: ELINK | AZ13: ='TABEL INPUT'!I49 -> 0 | BC13: =SUM(AZ13:BB13) -> 0
D14: =D13+A14-C14 -> 856669 | E14: =B14-C14 -> 0 | J14: =J13+H14-I14 -> 36916 | L14: =K14-I14 -> 0 | Q14: =Q13+N14-O14+P14 -> 159814 | S14: =R14-O14+P14 -> 0 | X14: =X13+U14-V14-W14 -> 26290 | AD14: =AD13+AA14-AB14-AC14 -> 21907 | AJ14: =AJ13+AG14-AH14-AI14 -> 82000 | AP14: =AP13+AM14-AN14-AO14 -> 46000 | AV14: =AV13+AS14-AT14-AU14 -> 69862 | AY14: SEWA TEMPAT | AZ14: ='TABEL INPUT'!I50 -> 0 | BC14: =SUM(AZ14:BB14) -> 0
D15: =D14+A15-C15 -> 856669 | E15: =B15-C15 -> 0 | J15: =J14+H15-I15 -> 36916 | L15: =K15-I15 -> 0 | Q15: =Q14+N15-O15+P15 -> 159814 | S15: =R15-O15+P15 -> 0 | X15: =X14+U15-V15-W15 -> 26290 | AD15: =AD14+AA15-AB15-AC15 -> 21907 | AJ15: =AJ14+AG15-AH15-AI15 -> 82000 | AP15: =AP14+AM15-AN15-AO15 -> 46000 | AV15: =AV14+AS15-AT15-AU15 -> 69862 | AY15: LAINNYA | AZ15: ='TABEL INPUT'!I52 -> 0 | BC15: =SUM(AZ15:BB15) -> 0
D16: =D15+A16-C16 -> 856669 | E16: =B16-C16 -> 0 | J16: =J15+H16-I16 -> 36916 | L16: =K16-I16 -> 0 | Q16: =Q15+N16-O16+P16 -> 159814 | S16: =R16-O16+P16 -> 0 | X16: =X15+U16-V16-W16 -> 26290 | AD16: =AD15+AA16-AB16-AC16 -> 21907 | AJ16: =AJ15+AG16-AH16-AI16 -> 82000 | AP16: =AP15+AM16-AN16-AO16 -> 46000 | AV16: =AV15+AS16-AT16-AU16 -> 69862
D17: =D16+A17-C17 -> 856669 | E17: =B17-C17 -> 0 | J17: =J16+H17-I17 -> 36916 | L17: =K17-I17 -> 0 | Q17: =Q16+N17-O17+P17 -> 159814 | S17: =R17-O17+P17 -> 0 | X17: =X16+U17-V17-W17 -> 26290 | AD17: =AD16+AA17-AB17-AC17 -> 21907 | AJ17: =AJ16+AG17-AH17-AI17 -> 82000 | AP17: =AP16+AM17-AN17-AO17 -> 46000 | AV17: =AV16+AS17-AT17-AU17 -> 69862 | AY17: TOTAL | AZ17: =BC7+BC8+BC9+BC10+BC11+BC12+BC13+BC14+BC15 -> 0
D18: =D17+A18-C18 -> 856669 | E18: =B18-C18 -> 0 | J18: =J17+H18-I18 -> 36916 | L18: =K18-I18 -> 0 | Q18: =Q17+N18-O18+P18 -> 159814 | S18: =R18-O18+P18 -> 0 | X18: =X17+U18-V18-W18 -> 26290 | AD18: =AD17+AA18-AB18-AC18 -> 21907 | AJ18: =AJ17+AG18-AH18-AI18 -> 82000 | AP18: =AP17+AM18-AN18-AO18 -> 46000 | AV18: =AV17+AS18-AT18-AU18 -> 69862
D19: =D18+A19-C19 -> 856669 | E19: =B19-C19 -> 0 | J19: =J18+H19-I19 -> 36916 | L19: =K19-I19 -> 0 | Q19: =Q18+N19-O19+P19 -> 159814 | S19: =R19-O19+P19 -> 0 | X19: =X18+U19-V19-W19 -> 26290 | AD19: =AD18+AA19-AB19-AC19 -> 21907 | AJ19: =AJ18+AG19-AH19-AI19 -> 82000 | AP19: =AP18+AM19-AN19-AO19 -> 46000 | AV19: =AV18+AS19-AT19-AU19 -> 69862
D20: =D19+A20-C20 -> 856669 | E20: =B20-C20 -> 0 | J20: =J19+H20-I20 -> 36916 | L20: =K20-I20 -> 0 | Q20: =Q19+N20-O20+P20 -> 159814 | S20: =R20-O20+P20 -> 0 | X20: =X19+U20-V20-W20 -> 26290 | AD20: =AD19+AA20-AB20-AC20 -> 21907 | AJ20: =AJ19+AG20-AH20-AI20 -> 82000 | AP20: =AP19+AM20-AN20-AO20 -> 46000 | AV20: =AV19+AS20-AT20-AU20 -> 69862
D21: =D20+A21-C21 -> 856669 | E21: =B21-C21 -> 0 | J21: =J20+H21-I21 -> 36916 | L21: =K21-I21 -> 0 | Q21: =Q20+N21-O21+P21 -> 159814 | S21: =R21-O21+P21 -> 0 | X21: =X20+U21-V21-W21 -> 26290 | AD21: =AD20+AA21-AB21-AC21 -> 21907 | AJ21: =AJ20+AG21-AH21-AI21 -> 82000 | AP21: =AP20+AM21-AN21-AO21 -> 46000 | AV21: =AV20+AS21-AT21-AU21 -> 69862
D22: =D21+A22-C22 -> 856669 | E22: =B22-C22 -> 0 | J22: =J21+H22-I22 -> 36916 | L22: =K22-I22 -> 0 | Q22: =Q21+N22-O22+P22 -> 159814 | S22: =R22-O22+P22 -> 0 | X22: =X21+U22-V22-W22 -> 26290 | AD22: =AD21+AA22-AB22-AC22 -> 21907 | AJ22: =AJ21+AG22-AH22-AI22 -> 82000 | AP22: =AP21+AM22-AN22-AO22 -> 46000 | AV22: =AV21+AS22-AT22-AU22 -> 69862
D23: =D22+A23-C23 -> 856669 | E23: =B23-C23 -> 0 | J23: =J22+H23-I23 -> 36916 | L23: =K23-I23 -> 0 | Q23: =Q22+N23-O23+P23 -> 159814 | S23: =R23-O23+P23 -> 0 | X23: =X22+U23-V23-W23 -> 26290 | AD23: =AD22+AA23-AB23-AC23 -> 21907 | AJ23: =AJ22+AG23-AH23-AI23 -> 82000 | AP23: =AP22+AM23-AN23-AO23 -> 46000 | AV23: =AV22+AS23-AT23-AU23 -> 69862
D24: =D23+A24-C24 -> 856669 | E24: =B24-C24 -> 0 | J24: =J23+H24-I24 -> 36916 | L24: =K24-I24 -> 0 | Q24: =Q23+N24-O24+P24 -> 159814 | S24: =R24-O24+P24 -> 0 | X24: =X23+U24-V24-W24 -> 26290 | AD24: =AD23+AA24-AB24-AC24 -> 21907 | AJ24: =AJ23+AG24-AH24-AI24 -> 82000 | AP24: =AP23+AM24-AN24-AO24 -> 46000 | AV24: =AV23+AS24-AT24-AU24 -> 69862
D25: =D24+A25-C25 -> 856669 | E25: =B25-C25 -> 0 | J25: =J24+H25-I25 -> 36916 | L25: =K25-I25 -> 0 | Q25: =Q24+N25-O25+P25 -> 159814 | S25: =R25-O25+P25 -> 0 | X25: =X24+U25-V25-W25 -> 26290 | AD25: =AD24+AA25-AB25-AC25 -> 21907 | AJ25: =AJ24+AG25-AH25-AI25 -> 82000 | AP25: =AP24+AM25-AN25-AO25 -> 46000 | AV25: =AV24+AS25-AT25-AU25 -> 69862
D26: =D25+A26-C26 -> 856669 | E26: =B26-C26 -> 0 | J26: =J25+H26-I26 -> 36916 | L26: =K26-I26 -> 0 | Q26: =Q25+N26-O26+P26 -> 159814 | S26: =R26-O26+P26 -> 0 | X26: =X25+U26-V26-W26 -> 26290 | AD26: =AD25+AA26-AB26-AC26 -> 21907 | AJ26: =AJ25+AG26-AH26-AI26 -> 82000 | AP26: =AP25+AM26-AN26-AO26 -> 46000 | AV26: =AV25+AS26-AT26-AU26 -> 69862
D27: =D26+A27-C27 -> 856669 | E27: =B27-C27 -> 0 | J27: =J26+H27-I27 -> 36916 | L27: =K27-I27 -> 0 | Q27: =Q26+N27-O27+P27 -> 159814 | S27: =R27-O27+P27 -> 0 | X27: =X26+U27-V27-W27 -> 26290 | AD27: =AD26+AA27-AB27-AC27 -> 21907 | AJ27: =AJ26+AG27-AH27-AI27 -> 82000 | AP27: =AP26+AM27-AN27-AO27 -> 46000 | AV27: =AV26+AS27-AT27-AU27 -> 69862
D28: =D27+A28-C28 -> 856669 | E28: =B28-C28 -> 0 | J28: =J27+H28-I28 -> 36916 | L28: =K28-I28 -> 0 | Q28: =Q27+N28-O28+P28 -> 159814 | S28: =R28-O28+P28 -> 0 | X28: =X27+U28-V28-W28 -> 26290 | AD28: =AD27+AA28-AB28-AC28 -> 21907 | AJ28: =AJ27+AG28-AH28-AI28 -> 82000 | AP28: =AP27+AM28-AN28-AO28 -> 46000 | AV28: =AV27+AS28-AT28-AU28 -> 69862
D29: =D28+A29-C29 -> 856669 | E29: =B29-C29 -> 0 | J29: =J28+H29-I29 -> 36916 | L29: =K29-I29 -> 0 | Q29: =Q28+N29-O29+P29 -> 159814 | S29: =R29-O29+P29 -> 0 | X29: =X28+U29-V29-W29 -> 26290 | AD29: =AD28+AA29-AB29-AC29 -> 21907 | AJ29: =AJ28+AG29-AH29-AI29 -> 82000 | AP29: =AP28+AM29-AN29-AO29 -> 46000 | AV29: =AV28+AS29-AT29-AU29 -> 69862
... D191: =D190+A191-C191 -> 856669 | E191: =B191-C191 -> 0 | J191: =J190+H191-I191 -> 36916 | L191: =K191-I191 -> 0 | Q191: =Q190+N191-O191+P191 -> 159814 | S191: =R191-O191+P191 -> 0 | X191: =X190+U191-V191-W191 -> 26290 | AD191: =AD190+AA191-AB191-AC191 -> 21907 | AJ191: =AJ190+AG191-AH191-AI191 -> 82000 | AP191: =AP190+AM191-AN191-AO191 -> 46000 | AV191: =AV190+AS191-AT191-AU191 -> 69862
E192: =SUM(E7:E191) -> 0 | L192: =SUM(L7:L191) -> 0 | S192: =SUM(S7:S191) -> 0 | Y192: =SUM(Y7:Y191) -> 0 | AE192: =SUM(AE7:AE191) -> 0 | AK192: =SUM(AK7:AK191) -> 0 | AQ192: =SUM(AQ7:AQ191) -> 0 | AW192: =SUM(AW7:AW191) -> 0
AV193: PROFIT | AW193: =E192+L192+S192+Y192+AE192+AK192+AQ192+AW192 -> 0
A198: DIGIPOS | H198: FAST PAY | N198: PEGADAIAN | U198: BRIMO | AA198: SANROY JUNIOR | AG198: BRIMO T2 | AM198: BNI THYAND | AS198: BNI THYAND

Sheet AGEN WATUBLAPI
B3: DIGIPOS R2 WATUBLAPI 085189220661 | H3: EDC FRANSISKA MARGARETHA FA391817 | O3: BRILINK THYAND BARU 469301000223502 | Y3: 3 SAKTI CHYKA 08999977283 | AE3: SIMPEL IM3 085702789843 | AM3: PEGADAIAN CHYKA + 2437 | AT3: SIDOMPUL 087788625894
B4: TOP UP | C4: HARGA JUAL | D4: HARGA MODAL | E4: SALDO | F4: BIAYA | H4: TARIK / TOP UP | I4: TRANSFER | J4: SALDO | K4: HARGA JUAL | L4: BIAYA | O4: TOP UP | P4: TARIK TUNAI | Q4: BRIMO KELUAR | R4: TRANSFER BRI | S4: LAINNYA | T4: ADMIN BANK | U4: FEE | V4: SALDO | W4: BIAYA | Y4: TARIK / TOP UP | Z4: TRANSFER | AA4: SALDO | AB4: HARGA JUAL | AC4: BIAYA | AE4: TARIK / TOP UP | AF4: TRANSFER | AG4: SALDO | AH4: HARGA JUAL | AI4: BIAYA | AM4: TOP UP | AN4: TRANSFER KELUAR | AO4: KOMISI | AP4: SALDO | AQ4: HARGA BAYAR | AR4: BIAYA | AT4: TOP UP | AU4: JUAL PULSA | AV4: HARGA MODAL | AW4: SALDO | AX4: BIAYA
E5: ='TABEL INPUT'!L5 -> 140185 | J5: ='TABEL INPUT'!L10 -> 1066262 | L5: =K5-I5 -> 0 | V5: ='TABEL INPUT'!L4 -> 5000000 | AA5: ='TABEL INPUT'!L7 -> 202452 | AC5: =AB5-Z5 -> 0 | AG5: ='TABEL INPUT'!L8 -> 466700 | AI5: =AH5-AF5 -> 0 | AP5: ='TABEL INPUT'!L9 -> 827481 | AR5: =AQ5-AN5 -> 0 | AW5: 0 | AZ5: PENGELUARAN
E6: =E5+B6-D6 -> 140185 | F6: =C6-D6 -> 0 | J6: =SUM(J5+H6-I6) -> 1066262 | L6: =K6-I6 -> 0 | V6: =V5+O6+P6-Q6-R6-S6-T6+U6 -> 5000000 | W6: ='TABEL INPUT'!L32 -> 0 | AA6: =AA5+Y6-Z6 -> 202452 | AC6: =AB6-Z6 -> 0 | AG6: =AG5+AE6-AF6 -> 466700 | AI6: =AH6-AF6 -> 0 | AP6: =AP5+AM6-AN6+AO6 -> 827481 | AR6: =AQ6-AN6 -> 0 | AW6: =AW5+AT6-AV6 -> 0 | AX6: =AU6-AV6 -> 0 | AZ6: BIAYA TOP UP | BA6: ='TABEL INPUT'!L43 -> 0 | BD6: =SUM(BA6:BC6) -> 0
E7: =E6+B7-D7 -> 140185 | F7: =C7-D7 -> 0 | J7: =SUM(J6+H7-I7) -> 1066262 | L7: =K7-I7 -> 0 | V7: =V6+O7+P7-Q7-R7-S7-T7+U7 -> 5000000 | W7: ='TABEL INPUT'!L33 -> 0 | AA7: =AA6+Y7-Z7 -> 202452 | AC7: =AB7-Z7 -> 0 | AG7: =AG6+AE7-AF7 -> 466700 | AI7: =AH7-AF7 -> 0 | AP7: =AP6+AM7-AN7+AO7 -> 827481 | AR7: =AQ7-AN7 -> 0 | AW7: =AW6+AT7-AV7 -> 0 | AX7: =AU7-AV7 -> 0 | AZ7: ADMIN BULANAN | BA7: ='TABEL INPUT'!L44 -> 0 | BD7: =SUM(BA7:BC7) -> 0
E8: =E7+B8-D8 -> 140185 | F8: =C8-D8 -> 0 | J8: =SUM(J7+H8-I8) -> 1066262 | L8: =K8-I8 -> 0 | V8: =V7+O8+P8-Q8-R8-S8-T8+U8 -> 5000000 | W8: ='TABEL INPUT'!L34 -> 0 | AA8: =AA7+Y8-Z8 -> 202452 | AC8: =AB8-Z8 -> 0 | AG8: =AG7+AE8-AF8 -> 466700 | AI8: =AH8-AF8 -> 0 | AP8: =AP7+AM8-AN8+AO8 -> 827481 | AR8: =AQ8-AN8 -> 0 | AW8: =AW7+AT8-AV8 -> 0 | AX8: =AU8-AV8 -> 0 | AZ8: DATA | BA8: ='TABEL INPUT'!L45 -> 0 | BD8: =SUM(BA8:BC8) -> 0
E9: =E8+B9-D9 -> 140185 | F9: =C9-D9 -> 0 | J9: =SUM(J8+H9-I9) -> 1066262 | L9: =K9-I9 -> 0 | V9: =V8+O9+P9-Q9-R9-S9-T9+U9 -> 5000000 | W9: ='TABEL INPUT'!L35 -> 0 | AA9: =AA8+Y9-Z9 -> 202452 | AC9: =AB9-Z9 -> 0 | AG9: =AG8+AE9-AF9 -> 466700 | AI9: =AH9-AF9 -> 0 | AL9: 0 | AP9: =AP8+AM9-AN9+AO9 -> 827481 | AR9: =AQ9-AN9 -> 0 | AW9: =AW8+AT9-AV9 -> 0 | AX9: =AU9-AV9 -> 0 | AZ9: AIR GALON | BA9: ='TABEL INPUT'!L46 -> 0 | BD9: =SUM(BA9:BC9) -> 0
E10: =E9+B10-D10 -> 140185 | F10: =C10-D10 -> 0 | J10: =SUM(J9+H10-I10) -> 1066262 | L10: =K10-I10 -> 0 | V10: =V9+O10+P10-Q10-R10-S10-T10+U10 -> 5000000 | W10: ='TABEL INPUT'!L36 -> 0 | AA10: =AA9+Y10-Z10 -> 202452 | AC10: =AB10-Z10 -> 0 | AG10: =AG9+AE10-AF10 -> 466700 | AI10: =AH10-AF10 -> 0 | AP10: =AP9+AM10-AN10+AO10 -> 827481 | AR10: =AQ10-AN10 -> 0 | AW10: =AW9+AT10-AV10 -> 0 | AX10: =AU10-AV10 -> 0 | AZ10: LISTRIK | BA10: ='TABEL INPUT'!L47 -> 0 | BD10: =SUM(BA10:BC10) -> 0
E11: =E10+B11-D11 -> 140185 | F11: =C11-D11 -> 0 | J11: =SUM(J10+H11-I11) -> 1066262 | L11: =K11-I11 -> 0 | V11: =V10+O11+P11-Q11-R11-S11-T11+U11 -> 5000000 | W11: ='TABEL INPUT'!L37 -> 0 | AA11: =AA10+Y11-Z11 -> 202452 | AC11: =AB11-Z11 -> 0 | AG11: =AG10+AE11-AF11 -> 466700 | AI11: =AH11-AF11 -> 0 | AP11: =AP10+AM11-AN11+AO11 -> 827481 | AR11: =AQ11-AN11 -> 0 | AW11: =AW10+AT11-AV11 -> 0 | AX11: =AU11-AV11 -> 0 | AZ11: GAJI KARYAWAN | BA11: ='TABEL INPUT'!L48 -> 0 | BD11: =SUM(BA11:BC11) -> 0
E12: =E11+B12-D12 -> 140185 | F12: =C12-D12 -> 0 | J12: =SUM(J11+H12-I12) -> 1066262 | L12: =K12-I12 -> 0 | V12: =V11+O12+P12-Q12-R12-S12-T12+U12 -> 5000000 | W12: ='TABEL INPUT'!L38 -> 0 | AA12: =AA11+Y12-Z12 -> 202452 | AC12: =AB12-Z12 -> 0 | AG12: =AG11+AE12-AF12 -> 466700 | AI12: =AH12-AF12 -> 0 | AP12: =AP11+AM12-AN12+AO12 -> 827481 | AR12: =AQ12-AN12 -> 0 | AW12: =AW11+AT12-AV12 -> 0 | AX12: =AU12-AV12 -> 0 | AZ12: ELINK | BA12: ='TABEL INPUT'!L49 -> 0 | BD12: =SUM(BA12:BC12) -> 0
E13: =E12+B13-D13 -> 140185 | F13: =C13-D13 -> 0 | J13: =SUM(J12+H13-I13) -> 1066262 | L13: =K13-I13 -> 0 | V13: =V12+O13+P13-Q13-R13-S13-T13+U13 -> 5000000 | AA13: =AA12+Y13-Z13 -> 202452 | AC13: =AB13-Z13 -> 0 | AG13: =AG12+AE13-AF13 -> 466700 | AI13: =AH13-AF13 -> 0 | AP13: =AP12+AM13-AN13+AO13 -> 827481 | AR13: =AQ13-AN13 -> 0 | AW13: =AW12+AT13-AV13 -> 0 | AX13: =AU13-AV13 -> 0 | AZ13: SEWA TEMPAT | BA13: ='TABEL INPUT'!L50 -> 0 | BD13: =SUM(BA13:BC13) -> 0
E14: =E13+B14-D14 -> 140185 | F14: =C14-D14 -> 0 | J14: =SUM(J13+H14-I14) -> 1066262 | L14: =K14-I14 -> 0 | V14: =V13+O14+P14-Q14-R14-S14-T14+U14 -> 5000000 | AA14: =AA13+Y14-Z14 -> 202452 | AC14: =AB14-Z14 -> 0 | AG14: =AG13+AE14-AF14 -> 466700 | AI14: =AH14-AF14 -> 0 | AP14: =AP13+AM14-AN14+AO14 -> 827481 | AR14: =AQ14-AN14 -> 0 | AW14: =AW13+AT14-AV14 -> 0 | AX14: =AU14-AV14 -> 0 | AZ14: LAINNYA | BA14: ='TABEL INPUT'!L52 -> 0 | BD14: =SUM(BA14:BC14) -> 0
E15: =E14+B15-D15 -> 140185 | F15: =C15-D15 -> 0 | J15: =SUM(J14+H15-I15) -> 1066262 | L15: =K15-I15 -> 0 | V15: =V14+O15+P15-Q15-R15-S15-T15+U15 -> 5000000 | AA15: =AA14+Y15-Z15 -> 202452 | AC15: =AB15-Z15 -> 0 | AG15: =AG14+AE15-AF15 -> 466700 | AI15: =AH15-AF15 -> 0 | AP15: =AP14+AM15-AN15+AO15 -> 827481 | AR15: =AQ15-AN15 -> 0 | AW15: =AW14+AT15-AV15 -> 0 | AX15: =AU15-AV15 -> 0
E16: =E15+B16-D16 -> 140185 | F16: =C16-D16 -> 0 | J16: =SUM(J15+H16-I16) -> 1066262 | L16: =K16-I16 -> 0 | V16: =V15+O16+P16-Q16-R16-S16-T16+U16 -> 5000000 | AA16: =AA15+Y16-Z16 -> 202452 | AC16: =AB16-Z16 -> 0 | AG16: =AG15+AE16-AF16 -> 466700 | AI16: =AH16-AF16 -> 0 | AP16: =AP15+AM16-AN16+AO16 -> 827481 | AR16: =AQ16-AN16 -> 0 | AW16: =AW15+AT16-AV16 -> 0 | AX16: =AU16-AV16 -> 0 | AZ16: TOTAL | BA16: =BD6+BD7+BD8+BD9+BD10+BD11+BD12+BD13+BD14 -> 0
E17: =E16+B17-D17 -> 140185 | F17: =C17-D17 -> 0 | J17: =SUM(J16+H17-I17) -> 1066262 | L17: =K17-I17 -> 0 | V17: =V16+O17+P17-Q17-R17-S17-T17+U17 -> 5000000 | AA17: =AA16+Y17-Z17 -> 202452 | AC17: =AB17-Z17 -> 0 | AG17: =AG16+AE17-AF17 -> 466700 | AI17: =AH17-AF17 -> 0 | AP17: =AP16+AM17-AN17+AO17 -> 827481 | AR17: =AQ17-AN17 -> 0 | AW17: =AW16+AT17-AV17 -> 0 | AX17: =AU17-AV17 -> 0
E18: =E17+B18-D18 -> 140185 | F18: =C18-D18 -> 0 | J18: =SUM(J17+H18-I18) -> 1066262 | L18: =K18-I18 -> 0 | V18: =V17+O18+P18-Q18-R18-S18-T18+U18 -> 5000000 | AA18: =AA17+Y18-Z18 -> 202452 | AC18: =AB18-Z18 -> 0 | AG18: =AG17+AE18-AF18 -> 466700 | AI18: =AH18-AF18 -> 0 | AP18: =AP17+AM18-AN18+AO18 -> 827481 | AR18: =AQ18-AN18 -> 0 | AW18: =AW17+AT18-AV18 -> 0 | AX18: =AU18-AV18 -> 0
E19: =E18+B19-D19 -> 140185 | F19: =C19-D19 -> 0 | J19: =SUM(J18+H19-I19) -> 1066262 | L19: =K19-I19 -> 0 | V19: =V18+O19+P19-Q19-R19-S19-T19+U19 -> 5000000 | AA19: =AA18+Y19-Z19 -> 202452 | AC19: =AB19-Z19 -> 0 | AG19: =AG18+AE19-AF19 -> 466700 | AI19: =AH19-AF19 -> 0 | AP19: =AP18+AM19-AN19+AO19 -> 827481 | AR19: =AQ19-AN19 -> 0 | AW19: =AW18+AT19-AV19 -> 0 | AX19: =AU19-AV19 -> 0
E20: =E19+B20-D20 -> 140185 | F20: =C20-D20 -> 0 | J20: =SUM(J19+H20-I20) -> 1066262 | L20: =K20-I20 -> 0 | V20: =V19+O20+P20-Q20-R20-S20-T20+U20 -> 5000000 | AA20: =AA19+Y20-Z20 -> 202452 | AC20: =AB20-Z20 -> 0 | AG20: =AG19+AE20-AF20 -> 466700 | AI20: =AH20-AF20 -> 0 | AP20: =AP19+AM20-AN20+AO20 -> 827481 | AR20: =AQ20-AN20 -> 0 | AW20: =AW19+AT20-AV20 -> 0 | AX20: =AU20-AV20 -> 0
E21: =E20+B21-D21 -> 140185 | F21: =C21-D21 -> 0 | J21: =SUM(J20+H21-I21) -> 1066262 | L21: =K21-I21 -> 0 | V21: =V20+O21+P21-Q21-R21-S21-T21+U21 -> 5000000 | AA21: =AA20+Y21-Z21 -> 202452 | AC21: =AB21-Z21 -> 0 | AG21: =AG20+AE21-AF21 -> 466700 | AI21: =AH21-AF21 -> 0 | AP21: =AP20+AM21-AN21+AO21 -> 827481 | AR21: =AQ21-AN21 -> 0 | AW21: =AW20+AT21-AV21 -> 0 | AX21: =AU21-AV21 -> 0
E22: =E21+B22-D22 -> 140185 | F22: =C22-D22 -> 0 | J22: =SUM(J21+H22-I22) -> 1066262 | L22: =K22-I22 -> 0 | V22: =V21+O22+P22-Q22-R22-S22-T22+U22 -> 5000000 | AA22: =AA21+Y22-Z22 -> 202452 | AC22: =AB22-Z22 -> 0 | AG22: =AG21+AE22-AF22 -> 466700 | AI22: =AH22-AF22 -> 0 | AP22: =AP21+AM22-AN22+AO22 -> 827481 | AR22: =AQ22-AN22 -> 0 | AW22: =AW21+AT22-AV22 -> 0 | AX22: =AU22-AV22 -> 0
E23: =E22+B23-D23 -> 140185 | F23: =C23-D23 -> 0 | J23: =SUM(J22+H23-I23) -> 1066262 | L23: =K23-I23 -> 0 | V23: =V22+O23+P23-Q23-R23-S23-T23+U23 -> 5000000 | AA23: =AA22+Y23-Z23 -> 202452 | AC23: =AB23-Z23 -> 0 | AG23: =AG22+AE23-AF23 -> 466700 | AI23: =AH23-AF23 -> 0 | AP23: =AP22+AM23-AN23+AO23 -> 827481 | AR23: =AQ23-AN23 -> 0 | AW23: =AW22+AT23-AV23 -> 0 | AX23: =AU23-AV23 -> 0
E24: =E23+B24-D24 -> 140185 | F24: =C24-D24 -> 0 | J24: =SUM(J23+H24-I24) -> 1066262 | L24: =K24-I24 -> 0 | V24: =V23+O24+P24-Q24-R24-S24-T24+U24 -> 5000000 | AA24: =AA23+Y24-Z24 -> 202452 | AC24: =AB24-Z24 -> 0 | AG24: =AG23+AE24-AF24 -> 466700 | AI24: =AH24-AF24 -> 0 | AP24: =AP23+AM24-AN24+AO24 -> 827481 | AR24: =AQ24-AN24 -> 0 | AW24: =AW23+AT24-AV24 -> 0 | AX24: =AU24-AV24 -> 0
E25: =E24+B25-D25 -> 140185 | F25: =C25-D25 -> 0 | J25: =SUM(J24+H25-I25) -> 1066262 | L25: =K25-I25 -> 0 | V25: =V24+O25+P25-Q25-R25-S25-T25+U25 -> 5000000 | AA25: =AA24+Y25-Z25 -> 202452 | AC25: =AB25-Z25 -> 0 | AG25: =AG24+AE25-AF25 -> 466700 | AI25: =AH25-AF25 -> 0 | AP25: =AP24+AM25-AN25+AO25 -> 827481 | AR25: =AQ25-AN25 -> 0 | AW25: =AW24+AT25-AV25 -> 0 | AX25: =AU25-AV25 -> 0
E26: =E25+B26-D26 -> 140185 | F26: =C26-D26 -> 0 | J26: =SUM(J25+H26-I26) -> 1066262 | L26: =K26-I26 -> 0 | V26: =V25+O26+P26-Q26-R26-S26-T26+U26 -> 5000000 | AA26: =AA25+Y26-Z26 -> 202452 | AC26: =AB26-Z26 -> 0 | AG26: =AG25+AE26-AF26 -> 466700 | AI26: =AH26-AF26 -> 0 | AP26: =AP25+AM26-AN26+AO26 -> 827481 | AR26: =AQ26-AN26 -> 0 | AW26: =AW25+AT26-AV26 -> 0 | AX26: =AU26-AV26 -> 0
E27: =E26+B27-D27 -> 140185 | F27: =C27-D27 -> 0 | J27: =SUM(J26+H27-I27) -> 1066262 | L27: =K27-I27 -> 0 | V27: =V26+O27+P27-Q27-R27-S27-T27+U27 -> 5000000 | AA27: =AA26+Y27-Z27 -> 202452 | AC27: =AB27-Z27 -> 0 | AG27: =AG26+AE27-AF27 -> 466700 | AI27: =AH27-AF27 -> 0 | AP27: =AP26+AM27-AN27+AO27 -> 827481 | AR27: =AQ27-AN27 -> 0 | AW27: =AW26+AT27-AV27 -> 0 | AX27: =AU27-AV27 -> 0
E28: =E27+B28-D28 -> 140185 | F28: =C28-D28 -> 0 | J28: =SUM(J27+H28-I28) -> 1066262 | L28: =K28-I28 -> 0 | V28: =V27+O28+P28-Q28-R28-S28-T28+U28 -> 5000000 | AA28: =AA27+Y28-Z28 -> 202452 | AC28: =AB28-Z28 -> 0 | AG28: =AG27+AE28-AF28 -> 466700 | AI28: =AH28-AF28 -> 0 | AP28: =AP27+AM28-AN28+AO28 -> 827481 | AR28: =AQ28-AN28 -> 0 | AW28: =AW27+AT28-AV28 -> 0 | AX28: =AU28-AV28 -> 0
... E190: =E189+B190-D190 -> 140185 | F190: =C190-D190 -> 0 | J190: =SUM(J189+H190-I190) -> 1066262 | L190: =K190-I190 -> 0 | V190: =V189+O190+P190-Q190-R190-S190-T190+U190 -> 5000000 | AA190: =AA189+Y190-Z190 -> 202452 | AC190: =AB190-Z190 -> 0 | AG190: =AG189+AE190-AF190 -> 466700 | AI190: =AH190-AF190 -> 0 | AP190: =AP189+AM190-AN190+AO190 -> 827481 | AR190: =AQ190-AN190 -> 0 | AW190: =AW189+AT190-AV190 -> 0 | AX190: =AU190-AV190 -> 0
F191: =SUM(F6:F190) -> 0 | L191: =SUM(L6:L190) -> 0 | T191: =SUM(T6:T190) -> 0 | U191: =SUM(U6:U190) -> 0 | W191: =SUM(W6:W190) -> 0 | AC191: =SUM(AC6:AC190) -> 0 | AI191: =SUM(AI6:AI190) -> 0 | AO191: =SUM(AO6:AO190) -> 0 | AR191: =SUM(AR6:AR190) -> 0 | AX191: =SUM(AX6:AX190) -> 0
AW193: PROFIT | AX193: =F191+L191+U191+W191+AC191+AI191+AO191+AR191+AX191 -> 0
B197: DIGI POS | H197: EDC FASTPAY | O197: BRIMO C1 | Y197: 3 SAKTI | AE197: RITA PPOB | AM197: PEGADAIAN | AT197: SIDOMPUL

Sheet 2024
B2: DESEMBER | C2: NOVEMBER | D2: OKTOBER | E2: SEPTEMBER | F2: AGUSTUS | G2: JULI | H2: JUNI | I2: MEI | J2: APRIL | K2: JAN FEB MAR
A5: KIOS | B5: 6736076 | C5: 3518375 | D5: 1890591 | E5: 4499562 | F5: 2567375 | G5: -1458391 | H5: 2555483 | I5: 2113897 | J5: 3489297 | K5: 0
A6: TOTAL KIOS | B6: 25912265 | C6: 19176189 | D6: 15657814 | E6: 13767223 | F6: 9267661 | G6: 6700286 | H6: 8158677 | I6: 5603194 | J6: =K6+J5 -> 3489297 | K6: 0
A8: AGEN | B8: 24792031 | C8: 21861367 | D8: 24004620 | E8: 18767401 | F8: 20866441 | G8: 17920671 | H8: 16242718 | I8: 17103881 | J8: 14759863 | K8: 38029681
A9: TOTAL AGEN | B9: 214348674 | C9: 189556643 | D9: 167695276 | E9: 143690656 | F9: 124923255 | G9: 104056814 | H9: 86136143 | I9: 69893425 | J9: =K9+J8 -> 52789544 | K9: 38029681
A11: FEE BRILINK | B11: 1907600 | C11: 2099950 | D11: 2077612 | E11: 1890000 | F11: 1603550 | G11: 1803050 | H11: 1405350 | I11: 1332856 | J11: 0 | K11: 0
A12: TOTAL FEE BRILINK | B12: 14119968 | C12: 12212368 | D12: 10112418 | E12: 8034806 | F12: 6144806 | G12: 4541256 | H12: 2738206 | I12: 1332856 | J12: 0 | K12: 0
A14: PENGELUARAN LAINNYA | B14: 19892488 | C14: 14581532 | D14: 11071123 | E14: 15509111 | F14: 20365030 | G14: 14480500 | H14: 19615000 | I14: 18835598 | J14: 13133275 | K14: 0
A15: TOTAL | B15: 147483657 | C15: 127591169 | D15: 113009637 | E15: 101938514 | F15: 86429403 | G15: 66064373 | H15: 51583873 | I15: 31968873 | J15: =K15+J14 -> 13133275 | K15: 0
A17: PENGELUARAN PULSA | B17: 340297 | C17: 374431 | D17: 13999 | E17: 252935 | F17: 358660 | G17: 655137 | H17: 402282 | I17: 0 | J17: 0 | K17: 0
A18: TOTAL | B18: 2397741 | C18: 2057444 | D18: 1683013 | E18: 1669014 | F18: 1416079 | G18: 1057419 | H18: 402282 | I18: 0 | J18: 0 | K18: 0
A20: PENGELUARAN AIR TENGKI | B20: 0 | C20: 0 | D20: 425000 | E20: 200000 | F20: 300000 | G20: 220000 | H20: 0 | I20: 0 | J20: 0 | K20: 0
A21: TOTAL | B21: 1145000 | C21: 1145000 | D21: 1145000 | E21: 720000 | F21: 520000 | G21: 220000 | H21: 0 | I21: 0 | J21: 0 | K21: 0
A23: PENGELUARAN PULSA LISTRIK | B23: 513906 | C23: 244500 | D23: 291600 | E23: 362900 | F23: 385000 | G23: 257100 | H23: 371400 | I23: 0 | J23: 0 | K23: 0
A24: TOTAL | B24: 2426406 | C24: 1912500 | D24: 1668000 | E24: 1376400 | F24: 1013500 | G24: 628500 | H24: 371400 | I24: 0 | J24: 0 | K24: 0
A26: TOTAL PENGELUARAN | B26: 195042349 | C26: 174295658 | D26: 159095195 | E26: 147293473 | F26: 130968527 | G26: 109559837 | H26: 93947100 | I26: 73558418 | J26: 54722820 | K26: 41589545
A28: TOTAL PEMASUKAN | B28: 19306325 | C28: 15260985 | D28: 8600081 | E28: -3602817 | F28: -6045272 | G28: -5503023 | H28: -7810957 | I28: -3664993 | J28: -1933276 | K28: -3559864
A30: UANG YANG ADA | B30: 133724743 | C30: 105729327 | D30: 91020903 | E30: 70524414 | F30: 81598897 | G30: 68894771 | H30: 59286728 | I30: 48368209 | J30: 54674029 | K30: 76110222

Sheet 2025
B2: DESEMBER | C2: NOVEMBER | D2: OKTOBER | E2: SEPTEMBER | F2: AGUSTUS | G2: JULI | H2: JUNI | I2: MEI | J2: APRIL | K2: MARET | L2: FEBRUARI | M2: JANUARI
A5: KIOS | B5: -6889505 | C5: -834061 | D5: -3305529 | E5: 9364327 | F5: -179056 | G5: 4574928 | H5: 4076551 | I5: 5879199 | J5: 4290223 | K5: 4579996 | L5: 6539685 | M5: 42416 | N5: 0
A6: TOTAL KIOS | B6: 28139174 | C6: 35028679 | D6: 35862740 | E6: 39168269 | F6: 29803942 | G6: 29982998 | H6: 25408070 | I6: 21331519 | J6: 15452320 | K6: 11162097 | L6: 6582101 | M6: 42416 | N6: 0
A8: BELANJA KIOS | B8: 29514500 | C8: 18818500 | D8: 26242500 | E8: 14833000 | F8: 28569000 | G8: 31059000 | H8: 27456000 | I8: 28179500 | J8: 30389000 | K8: 33703000
A9: TOTAL | B9: 268764000 | C9: 239249500 | D9: 220431000 | E9: 194188500 | F9: 179355500 | G9: 150786500 | H9: 119727500 | I9: 92271500 | J9: 64092000 | K9: 33703000
A11: AMBIL BARANG KIOS | B11: 2339000 | C11: 1497000 | D11: 2043500 | E11: 1921000 | F11: 1693500 | G11: 1958500 | H11: 1660500 | I11: 2470000 | J11: 1748000 | K11: 1185000
A12: TOTAL | B12: 18516000 | C12: 16177000 | D12: 14680000 | E12: 12636500 | F12: 10715500 | G12: 9022000 | H12: 7063500 | I12: 5403000 | J12: 2933000 | K12: 1185000
A14: AGEN BAOMEKOT | B14: 19313911 | C14: 19766714 | D14: 16995299 | E14: 17363421 | F14: 20977138 | G14: 24093815 | H14: 22988038 | I14: 19171325 | J14: 19187887 | K14: 21238370 | L14: 25308870 | M14: 19485772 | N14: 0
B15: 245890560 | C15: 226576649 | D15: 206809935 | E15: 189814636 | F15: 172451215 | G15: 151474077 | H15: =I15+H14 -> 127380262 | I15: =J15+I14 -> 104392224 | J15: =K15+J14 -> 85220899 | K15: =L15+K14 -> 66033012 | L15: =M15+L14 -> 44794642 | M15: =N15+M14 -> 19485772
A16: PENGELUARAN
A17: BIAYA TOP UP | B17: 0 | C17: 0 | D17: 0 | E17: 0 | F17: 20500 | G17: 24500
B18: 45000 | C18: 45000 | D18: 45000 | E18: 45000 | F18: 45000 | G18: 24500
A19: ADMIN BULANAN | B19: 9000 | C19: 9000 | D19: 9000 | E19: 9000 | F19: 8000 | G19: 15500
B20: 59500 | C20: 50500 | D20: 41500 | E20: 32500 | F20: 23500 | G20: 15500
A21: DATA | B21: 309300 | C21: 230000 | D21: 286997 | E21: 239998 | F21: 234996 | G21: 215000
B22: 1516291 | C22: 1206991 | D22: 976991 | E22: 689994 | F22: 449996 | G22: 215000
A23: AIR GALON | B23: 0 | C23: 5000 | D23: 0 | E23: 0 | F23: 0 | G23: 5000
B24: 10000 | C24: 10000 | D24: 5000 | E24: 5000 | F24: 5000 | G24: 5000
A25: LISTRIK | B25: 101400 | C25: 0 | D25: 101400 | E25: 101400 | F25: 101400 | G25: 101400
B26: 507000 | C26: 405600 | D26: 405600 | E26: 304200 | F26: 202800 | G26: 101400
A27: C | B27: 1564000 | C27: 1538000 | D27: 1703000 | E27: 1956500 | F27: 1918000 | G27: 1389000
B28: 10068500 | C28: 8504500 | D28: 6966500 | E28: 5263500 | F28: 3307000 | G28: 1389000
A29: ELINK | B29: 0 | C29: 0 | D29: 0 | E29: 0 | F29: 0 | G29: 420000
B30: 420000 | C30: 420000 | D30: 420000 | E30: 420000 | F30: 420000 | G30: 420000
A31: SEWA TEMPAT | B31: 0 | C31: 0 | D31: 0 | E31: 0 | F31: 0 | G31: 0
B32: 0 | C32: 0 | D32: 0 | E32: 0 | F32: 0 | G32: 0
A33: LAINNYA | B33: 1140934 | C33: 433200 | D33: 89725 | E33: 1523000 | F33: 114030 | G33: 55699
B34: 3356588 | C34: 2215654 | D34: 1782454 | E34: 1692729 | F34: 169729 | G34: 55699
A35: TOTAL PENGELUARAN | B35: 3124634 | C35: 2215200 | D35: 2190122 | E35: 3829898 | F35: 2396926 | G35: 2226099
B36: 15982879 | C36: 12858245 | D36: 10643045 | E36: 8452923 | F36: 4623025 | G36: 2226099
A37: PROFIT BERSIH | B37: 16189277 | C37: 17551514 | D37: 14805177 | E37: 13533523 | F37: 18580212 | G37: 21867716 | H37: =H14-H35 -> 22988038 | I37: =I14-I35 -> 19171325 | J37: =J14-J35 -> 19187887 | K37: =K14-K35 -> 21238370 | L37: =L14-L35 -> 25308870 | M37: =M14-M35 -> 19485772
B38: 229907681 | C38: 213718404 | D38: 196166890 | E38: 181361713 | F38: 167828190 | G38: 149247978 | H38: =I38+H37 -> 127380262 | I38: =J38+I37 -> 104392224 | J38: =K38+J37 -> 85220899 | K38: =L38+K37 -> 66033012 | L38: =M38+L37 -> 44794642 | M38: =N38+M37 -> 19485772
A40: AGEN SIKU | B40: 9976089 | C40: 11202777 | D40: 9005778 | E40: 9409748 | F40: 8548510 | G40: 11055340 | H40: 10238175 | I40: 8544129 | J40: 7682213 | K40: 4612351
B41: 90275110 | C41: 80299021 | D41: 69096244 | E41: 60090466 | F41: 50680718 | G41: 42132208 | H41: =I41+H40 -> 31076868 | I41: =J41+I40 -> 20838693 | J41: =K41+J40 -> 12294564 | K41: =L41+K40 -> 4612351 | L41: =M66+L40 -> 0 | M41: =N66+M40 -> 0
A42: PENGELUARAN
A43: BIAYA TOP UP | B43: 0 | C43: 0 | D43: 0 | E43: 0 | F43: 9000 | G43: 13000 | K43: 200000
B44: 222000 | C44: 222000 | D44: 222000 | E44: 222000 | F44: 222000 | G44: 213000 | H44: =I44+H43 -> 200000 | I44: =J44+I43 -> 200000 | J44: =K44+J43 -> 200000 | K44: =L44+K43 -> 200000
A45: ADMIN BULANAN | B45: 9000 | C45: 9000 | D45: 9000 | E45: 9000 | F45: 8000 | G45: 18884 | K45: 200000
B46: 262884 | C46: 253884 | D46: 244884 | E46: 235884 | F46: 226884 | G46: 218884 | H46: =I46+H45 -> 200000 | I46: =J46+I45 -> 200000 | J46: =K46+J45 -> 200000 | K46: =L46+K45 -> 200000
A47: DATA | B47: 132198 | C47: 108496 | D47: 16499 | E47: 107499 | F47: 105996 | G47: 96998 | K47: 1000000
B48: 1567686 | C48: 1435488 | D48: 1326992 | E48: 1310493 | F48: 1202994 | G48: 1096998 | H48: =I48+H47 -> 1000000 | I48: =J48+I47 -> 1000000 | J48: =K48+J47 -> 1000000 | K48: =L48+K47 -> 1000000
A49: AIR GALON | B49: 0 | C49: 0 | D49: 0 | E49: 0 | F49: 0 | G49: 0 | K49: 100000
B50: 100000 | C50: 100000 | D50: 100000 | E50: 100000 | F50: 100000 | G50: 100000 | H50: =I50+H49 -> 100000 | I50: =J50+I49 -> 100000 | J50: =K50+J49 -> 100000 | K50: =L50+K49 -> 100000
A51: LISTRIK | B51: 101400 | C51: 101400 | D51: 0 | E51: 51400 | F51: 101400 | G51: 51400 | K51: 250000
B52: 657000 | C52: 555600 | D52: 454200 | E52: 454200 | F52: 402800 | G52: 301400 | H52: =I52+H51 -> 250000 | I52: =J52+I51 -> 250000 | J52: =K52+J51 -> 250000 | K52: =L52+K51 -> 250000
A53: GAJI KARYAWAN | B53: 1409000 | C53: 1650000 | D53: 1550000 | E53: 1656500 | F53: 1668000 | G53: 2139000 | K53: 8000000
B54: 18072500 | C54: 16663500 | D54: 15013500 | E54: 13463500 | F54: 11807000 | G54: 10139000 | H54: =I54+H53 -> 8000000 | I54: =J54+I53 -> 8000000 | J54: =K54+J53 -> 8000000 | K54: =L54+K53 -> 8000000
A55: ELINK | B55: 0 | C55: 0 | D55: 0 | E55: 0 | F55: 0 | G55: 420000 | K55: 350000
B56: 770000 | C56: 770000 | D56: 770000 | E56: 770000 | F56: 770000 | G56: 770000 | H56: =I56+H55 -> 350000 | I56: =J56+I55 -> 350000 | J56: =K56+J55 -> 350000 | K56: =L56+K55 -> 350000
A57: SEWA TEMPAT | B57: 0 | C57: 0 | D57: 0 | E57: 0 | F57: 0 | G57: 0 | K57: 1500000
B58: 1500000 | C58: 1500000 | D58: 1500000 | E58: 1500000 | F58: 1500000 | G58: 1500000 | H58: =I58+H57 -> 1500000 | I58: =J58+I57 -> 1500000 | J58: =K58+J57 -> 1500000 | K58: =L58+K57 -> 1500000
A59: LAINNYA | B59: 770435 | C59: 437500 | D59: 201000 | E59: 3810 | F59: 1268405 | G59: 314900 | K59: 5000000
B60: 7996050 | C60: 7225615 | D60: 6788115 | E60: 6587115 | F60: 6583305 | G60: 5314900 | H60: =I60+H59 -> 5000000 | I60: =J60+I59 -> 5000000 | J60: =K60+J59 -> 5000000 | K60: =L60+K59 -> 5000000
A61: TOTAL PENGELUARAN | B61: 2422033 | C61: 2306396 | D61: 1776499 | E61: 1828209 | F61: 3160801 | G61: 3054182 | H61: =H43+H45+H47+H49+H51+H53+H55+H57+H59 -> 0 | I61: =I43+I45+I47+I49+I51+I53+I55+I57+I59 -> 0 | J61: =J43+J45+J47+J49+J51+J53+J55+J57+J59 -> 0 | K61: =K43+K45+K47+K49+K51+K53+K55+K57+K59 -> 16600000
B62: 31148120 | C62: 28726087 | D62: 26419691 | E62: 24643192 | F62: 22814983 | G62: 19654182 | H62: =I62+H61 -> 16600000 | I62: =J62+I61 -> 16600000 | J62: =K62+J61 -> 16600000 | K62: =L62+K61 -> 16600000
A63: PROFIT BERSIH | B63: 7554056 | C63: 8896381 | D63: 7229279 | E63: 7581539 | F63: 5387709 | G63: 8001158 | H63: =H40-H61 -> 10238175 | I63: =I40-I61 -> 8544129 | J63: =J40-J61 -> 7682213 | K63: =K40-K61 -> -11987649
B64: 59126990 | C64: 51572934 | D64: 42676553 | E64: 35447274 | F64: 27865735 | G64: 22478026 | H64: =I64+H63 -> 14476868 | I64: =J64+I63 -> 4238693 | J64: =K64+J63 -> -4305436 | K64: =L64+K63 -> -11987649
A66: AGEN HABIBOLA | B66: 7246240 | C66: 15474918 | D66: 8711914 | E66: 11951129 | F66: 9433740 | G66: 13033040 | H66: 9888303
B67: 75739284 | C67: 68493044 | D67: 53018126 | E67: 44306212 | F67: 32355083 | G67: 22921343 | H67: =I67+H66 -> 9888303 | I67: =J67+I66 -> 0 | J67: =K67+J66 -> 0 | K67: =L67+K66 -> 0 | L67: =M67+L66 -> 0 | M67: =N67+M66 -> 0
A68: PENGELUARAN
A69: BIAYA TOP UP | B69: 0 | C69: 0 | D69: 0 | E69: 0 | F69: 71000 | G69: 205000 | H69: 100000
B70: 376000 | C70: 376000 | D70: 376000 | E70: 376000 | F70: 376000 | G70: 305000 | H70: =I70+H69 -> 100000
A71: ADMIN BULANAN | B71: 20500 | C71: 20500 | D71: 34500 | E71: 34800 | F71: 32799 | G71: 8593 | H71: 200000
B72: 351692 | C72: 331192 | D72: 310692 | E72: 276192 | F72: 241392 | G72: 208593 | H72: =I72+H71 -> 200000
A73: DATA | B73: 75999 | C73: 109497 | D73: 88497 | E73: 58997 | F73: 78997 | G73: 49497 | H73: 800000
B74: 1261484 | C74: 1185485 | D74: 1075988 | E74: 987491 | F74: 928494 | G74: 849497 | H74: =I74+H73 -> 800000
A75: AIR GALON | B75: 0 | C75: 0 | D75: 0 | E75: 0 | F75: 0 | G75: 0
B76: 0 | C76: 0 | D76: 0 | E76: 0 | F76: 0 | G76: 0 | H76: =I76+H75 -> 0
A77: LISTRIK | B77: 201400 | C77: 201400 | D77: 0 | E77: 201400 | F77: 201400 | G77: 357200 | H77: 250000
B78: 1412800 | C78: 1211400 | D78: 1010000 | E78: 1010000 | F78: 808600 | G78: 607200 | H78: =I78+H77 -> 250000
A79: GAJI KARYAWAN | B79: 2314000 | C79: 2084000 | D79: 2481000 | E79: 1404000 | F79: 1668000 | G79: 1386000 | H79: 3000000
B80: 14337000 | C80: 12023000 | D80: 9939000 | E80: 7458000 | F80: 6054000 | G80: 4386000 | H80: =I80+H79 -> 3000000
A81: ELINK | B81: 0 | C81: 0 | D81: 0 | E81: 0 | F81: 0 | G81: 420000 | H81: 140000
B82: 560000 | C82: 560000 | D82: 560000 | E82: 560000 | F82: 560000 | G82: 560000 | H82: =I82+H81 -> 140000
A83: SEWA TEMPAT | B83: 0 | C83: 0 | D83: 0 | E83: 0 | F83: 0 | G83: 0 | H83: 8000000
B84: 8000000 | C84: 8000000 | D84: 8000000 | E84: 8000000 | F84: 8000000 | G84: 8000000 | H84: =I84+H83 -> 8000000
A85: LAINNYA | B85: 730768 | C85: 624500 | D85: 3354500 | E85: 30000 | F85: 50000 | G85: 290000 | H85: 31000000
B86: 36079768 | C86: 35349000 | D86: 34724500 | E86: 31370000 | F86: 31340000 | G86: 31290000 | H86: =I86+H85 -> 31000000
A87: TOTAL PENGELUARAN | B87: 3342667 | C87: 3039897 | D87: 5958497 | E87: 1729197 | F87: 2102196 | G87: 2716290 | H87: =H69+H71+H73+H75+H77+H79+H81+H83+H85 -> 43490000
B88: 62378744 | C88: 59036077 | D88: 55996180 | E88: 50037683 | F88: 48308486 | G88: 46206290 | H88: =I88+H87 -> 43490000
A89: PROFIT BERSIH | B89: 3903573 | C89: 12435021 | D89: 2753417 | E89: 10221932 | F89: 7331544 | G89: 10316750 | H89: =H66-H87 -> -33601697
B90: 13360540 | C90: 9456967 | D90: -2978054 | E90: -5731471 | F90: -15953403 | G90: -23284947 | H90: =I90+H89 -> -33601697
A92: AGEN WATUBLAPI | B92: 9035043 | C92: 9790577 | D92: 8479369 | E92: 8717864 | F92: 4664188 | G92: 0
B93: 40687041 | C93: 31651998 | D93: 21861421 | E93: 13382052 | F93: 4664188 | G93: 0 | H93: =I93+H92 -> 0 | I93: =J93+I92 -> 0 | J93: =K93+J92 -> 0 | K93: =L93+K92 -> 0 | L93: =M93+L92 -> 0 | M93: =N93+M92 -> 0
A94: PENGELUARAN
A95: BIAYA TOP UP | B95: 1500 | C95: 0 | D95: 0 | E95: 0 | F95: 5500 | G95: 0
B96: 7000 | C96: 5500 | D96: 5500 | E96: 5500 | F96: 5500 | G96: 0
A97: ADMIN BULANAN | B97: 15500 | C97: 15500 | D97: 0 | E97: 0 | F97: 0 | G97: 0
B98: 31000 | C98: 15500 | D98: 0 | E98: 0 | F98: 0 | G98: 0
A99: DATA | B99: 272000 | C99: 147498 | D99: 145899 | E99: 91000 | F99: 137500 | G99: 0
B100: 793897 | C100: 521897 | D100: 374399 | E100: 228500 | F100: 137500 | G100: 0
A101: AIR GALON | B101: 0 | C101: 5000 | D101: 15000 | E101: 0 | F101: 5000 | G101: 0
B102: 25000 | C102: 25000 | D102: 20000 | E102: 5000 | F102: 5000 | G102: 0
A103: LISTRIK | B103: 0 | C103: 101400 | D103: 101400 | E103: 0 | F103: 0 | G103: 0
B104: 202800 | C104: 202800 | D104: 101400 | E104: 0 | F104: 0 | G104: 0
A105: GAJI KARYAWAN | B105: 1564000 | C105: 1538000 | D105: 1693000 | E105: 1656500 | F105: 1668000 | G105: 0
B106: 8119500 | C106: 6555500 | D106: 5017500 | E106: 3324500 | F106: 1668000 | G106: 0
A107: ELINK | B107: 0 | C107: 0 | D107: 0 | E107: 0 | F107: 379700 | G107: 0
B108: 379700 | C108: 379700 | D108: 379700 | E108: 379700 | F108: 379700 | G108: 0
A109: SEWA TEMPAT | B109: 0 | C109: 0 | D109: 0 | E109: 0 | F109: 3000000 | G109: 0
...

Sheet JAN
A1: KETERANGAN EDIT : | B1: WARNA
C3: 30 & 31 Jan | D3: 26 - 29 Jan | E3: 20 & 25 Jan | F3: 46041 | G3: 16 - 17 - 18 jan | H3: 46037 | I3: 46036 | J3: 46035 | K3: 11 & 12 Jan | L3: 9 & 10 Jan | M3: 46030 | N3: 46029 | O3: 46028 | P3: 4 - 5 JAN | Q3: 46025 | R3: 1 & 2 Jan | S3: 28 - 31 Dec
C4: JUMAD & SABTU | D4: SENIN - KAMIS | E4: SELASA & MINGGU | F4: SENIN | G4: JUMAT - SABTU - MINGGU | H4: KAMIS | I4: RABU | J4: SELASA | K4: MINGGU & SENIN | L4: JUMAT & SABTU | M4: KAMIS | N4: RABU | O4: SELASA | P4: MINGGU - SENIN | Q4: SABTU | R4: KAMIS & JUMAD | S4: MINGGU - RABU
A6: KIOS
A7: UANG KECIL
A8: UANG ROBEK | C8: 633000 | D8: 633000 | E8: 629000 | F8: 583000 | G8: 573000 | H8: 573000 | I8: 646000 | J8: 646000 | K8: 646000 | L8: 567000 | M8: 557000 | N8: 557000 | O8: 551000 | P8: 551000 | Q8: 534000 | R8: 534000 | S8: 524000
A9: UANG KOIN TABUNG | C9: 1410000 | D9: 1410000 | E9: 1390000 | F9: 1390000 | G9: 1390000 | H9: 1390000 | I9: 1390000 | J9: 1390000 | K9: 1390000 | L9: 1390000 | M9: 1390000 | N9: 1390000 | O9: 1390000 | P9: 1390000 | Q9: 1390000 | R9: 1390000 | S9: 1390000
A10: KOIN 500 | C10: 0 | D10: 0 | E10: 0 | F10: 0 | G10: 0 | H10: 0 | I10: 0 | J10: 0 | K10: 0 | L10: 0 | M10: 0 | N10: 0 | O10: 0 | P10: 0 | Q10: 0 | R10: 0 | S10: 0
A11: KOIN 1000 | C11: 0 | D11: 0 | E11: 0 | F11: 0 | G11: 0 | H11: 0 | I11: 0 | J11: 0 | K11: 0 | L11: 0 | M11: 0 | N11: 0 | O11: 0 | P11: 0 | Q11: 0 | R11: 0 | S11: 0
A12: 1000
A13: 2000 | C13: 0 | D13: 0 | E13: 0 | F13: 0 | G13: 0 | H13: 0 | I13: 0 | J13: 0 | K13: 0 | L13: 0 | M13: 0 | N13: 0 | O13: 0 | P13: 0 | Q13: 0 | R13: 0 | S13: 0
A14: 5000
A15: 10000 | C15: 0 | D15: 0 | E15: 0 | F15: 0 | G15: 0 | H15: 0 | I15: 0 | J15: 0 | K15: 0 | L15: 0 | M15: 0 | N15: 0 | O15: 0 | P15: 0 | Q15: 0 | R15: 0 | S15: 0
A16: 20000 | C16: 0 | D16: 0 | E16: 0 | F16: 0 | G16: 0 | H16: 0 | I16: 0 | J16: 0 | K16: 0 | L16: 0 | M16: 0 | N16: 0 | O16: 0 | P16: 0 | Q16: 0 | R16: 0 | S16: 0
A17: 50000 | C17: 0 | D17: 0 | E17: 0 | F17: 0 | G17: 0 | H17: 0 | I17: 0 | J17: 0 | K17: 0 | L17: 0 | M17: 0 | N17: 0 | O17: 0 | P17: 0 | Q17: 0 | R17: 0 | S17: 0
A18: 100000 | C18: 0 | D18: 0 | E18: 0 | F18: 0 | G18: 0 | H18: 0 | I18: 0 | J18: 0 | K18: 0 | L18: 0 | M18: 0 | N18: 0 | O18: 0 | P18: 0 | Q18: 0 | R18: 0 | S18: 0
C19: 2043000 | D19: 2043000 | E19: 2019000 | F19: 1973000 | G19: 1963000 | H19: 1963000 | I19: 2036000 | J19: 2036000 | K19: 2036000 | L19: 1957000 | M19: 1947000 | N19: 1947000 | O19: 1941000 | P19: 1941000 | Q19: 1924000 | R19: 1924000 | S19: 1914000
A22: UANG TUNAI | C22: 105300000 | D22: 135600000 | E22: 79680000 | F22: 123300000 | G22: 179700000 | H22: 95600000 | I22: 173500000 | J22: 56500000 | K22: 154500000 | L22: 185550000 | M22: 123650000 | N22: 156000000 | O22: 170750000 | P22: 149196000 | Q22: 118000000 | R22: 118000000 | S22: 142000000
A23: UANG KECIL | C23: 0 | D23: 0 | E23: 0 | F23: 0 | G23: 0 | H23: 0 | I23: 0 | J23: 0 | K23: 0 | L23: 0 | M23: 0 | N23: 0 | O23: 0 | P23: 0 | Q23: 0 | R23: 0 | S23: 0
A24: MODAL KIOS | C24: 110000 | D24: 170000 | E24: 348000 | F24: 173500 | G24: 70500 | H24: 218500 | I24: 209500 | J24: 220500 | K24: 41000 | L24: 116500 | M24: 191000 | N24: 203000 | O24: 75000 | P24: 138000 | Q24: 34000 | R24: 34000 | S24: 158000
A25: AGEN BAOMEKOT | C25: 0 | D25: 0 | E25: 0 | F25: 0 | G25: 0 | H25: 0 | I25: 0 | J25: 0 | K25: 0 | L25: 0 | M25: 0 | N25: 0 | O25: 0 | P25: 0 | Q25: 0 | R25: 0 | S25: 0
A26: AGEN SIKU EHA | C26: 0 | D26: 0 | E26: 0 | F26: 0 | G26: 0 | H26: 0 | I26: 0 | J26: 0 | K26: 0 | L26: 0 | M26: 0 | N26: 0 | O26: 0 | P26: 0 | Q26: 0 | R26: 0 | S26: 0
A27: AGEN WATUBLAPI | C27: 0 | D27: 0 | E27: 0 | F27: 0 | G27: 0 | H27: 0 | I27: 0 | J27: 0 | K27: 0 | L27: 0 | M27: 0 | N27: 0 | O27: 0 | P27: 0 | Q27: 0 | R27: 0 | S27: 0
A28: AGEN HABIBOLA | C28: 0 | D28: 26088000 | E28: 0 | F28: 10047000 | G28: 0 | H28: 14145000 | I28: 809000 | J28: 9031000 | K28: 21160000 | L28: 0 | M28: 0 | N28: 22886000 | O28: 20388000 | P28: 0 | Q28: 0 | R28: 0 | S28: 0
A29: DOMPET CIKA | C29: 0 | D29: 0 | E29: 0 | F29: 0 | G29: 0 | H29: 0 | I29: 0 | J29: 493000 | K29: 493000 | L29: 493000 | M29: 0 | N29: 0 | O29: 300000 | P29: 618000 | Q29: 0 | R29: 0 | S29: 15000
A30: DOMPET SET | C30: 0 | D30: 0 | E30: 79400000 | F30: 0 | G30: 0 | H30: 0 | I30: 0 | J30: 0 | K30: 0 | L30: 0 | M30: 0 | N30: 0 | O30: 0 | P30: 0 | Q30: 0 | R30: 0 | S30: 0
C31: 105410000 | D31: 161858000 | E31: 159428000 | F31: 133520500 | G31: 179770500 | H31: 109963500 | I31: 174518500 | J31: 66244500 | K31: 176194000 | L31: 186159500 | M31: 123841000 | N31: 179089000 | O31: 191513000 | P31: 149952000 | Q31: 118034000 | R31: 118034000 | S31: 142173000
A33: TOTAL UANG | C33: 107453000 | D33: 163901000 | E33: 161447000 | F33: 135493500 | G33: 181733500 | H33: 111926500 | I33: 176554500 | J33: 68280500 | K33: 178230000 | L33: 188116500 | M33: 125788000 | N33: 181036000 | O33: 193454000 | P33: 151893000 | Q33: 119958000 | R33: 119958000 | S33: 144087000
A36: BAOMEKOT
A38: BRI 357201028758536 | B38: V 190 | C38: 5000000 | D38: 5000000 | E38: 5000000 | F38: 5000000 | G38: 5000000 | H38: 5000000 | I38: 5000000 | J38: 1108000 | K38: 5000000 | L38: 2895000 | M38: 5000000 | N38: 5000000 | O38: 5000000 | P38: 5000000 | Q38: 5000000 | R38: 5000000 | S38: 48587300
A39: FASTPAY THYAND | B39: K 190 | C39: 640017 | D39: 525571 | E39: 959571 | F39: 821171 | G39: 314421 | H39: 451921 | I39: 451921 | J39: 85921 | K39: 146421 | L39: 841621 | M39: 229321 | N39: 598446 | O39: 542446 | P39: 1128041 | Q39: 431121 | R39: 431121 | S39: 482771
A40: DIGIPOS | B40: E 190 | C40: 1488139 | D40: 280120 | E40: 1322098 | F40: 1729108 | G40: 157603 | H40: 1417611 | I40: 25051 | J40: 553641 | K40: 1200071 | L40: 201948 | M40: 1191667 | N40: 1572154 | O40: 181032 | P40: 653690 | Q40: 1901509 | R40: 1901509 | S40: 574396
A41: 3 SAKTI | B41: AB 190 | C41: 217395 | D41: 49735 | E41: 279085 | F41: 180405 | G41: 269345 | H41: 489800 | I41: 177010 | J41: 245605 | K41: 291605 | L41: 37430 | M41: 79360 | N41: 236920 | O41: 303615 | P41: 387865 | Q41: 206875 | R41: 206875 | S41: 464725
A42: SIMPEL IM3 | B42: AH 190 | C42: 308330 | D42: 494630 | E42: 258130 | F42: 3730 | G42: 101480 | H42: 188980 | I42: 81480 | J42: 164080 | K42: 245580 | L42: 245580 | M42: 317430 | N42: 40730 | O42: 71730 | P42: 71730 | Q42: 5680 | R42: 5680 | S42: 5680
A43: SIDOMPUL | B43: BB 190 | C43: 0 | D43: 0 | E43: 0 | F43: 0 | G43: 0 | H43: 0 | I43: 0 | J43: 0 | K43: 0 | L43: 0 | M43: 0 | N43: 0 | O43: 0 | P43: 0 | Q43: 0 | R43: 0 | S43: 0
A44: PEGADAIAN | B44: AQ 190 | C44: 431947 | D44: 431974 | E44: 199173 | F44: 720999 | G44: 720999 | H44: 233188 | I44: 443651 | J44: 235714 | K44: 338414 | L44: 338414 | M44: 757566 | N44: 757566 | O44: 957729 | P44: 200992 | Q44: 513055 | R44: 513055 | S44: 513055
A45: PORTAL PULSA | C45: 4149 | D45: 4149 | E45: 4149 | F45: 4149 | G45: 4149 | H45: 4149 | I45: 4149 | J45: 4149 | K45: 4149 | L45: 4149 | M45: 4149 | N45: 4149 | O45: 4149 | P45: 4149 | Q45: 4149 | R45: 4149 | S45: 4149
A46: POSPAY | C46: 22000 | D46: 22000 | E46: 22000 | F46: 22000 | G46: 22000 | H46: 22000 | I46: 22000 | J46: 22000 | K46: 22000 | L46: 22000 | M46: 22000 | N46: 22000 | O46: 22000 | P46: 22000 | Q46: 22000 | R46: 22000 | S46: 22000
A48: JML | C48: 8111977 | D48: 6808179 | E48: 8044206 | F48: 8481562 | G48: 6589997 | H48: 7807649 | I48: 6205262 | J48: 2419110 | K48: 7248240 | L48: 4586142 | M48: 7601493 | N48: 8231965 | O48: 7082701 | P48: 7468467 | Q48: 8084389 | R48: 8084389 | S48: 50654076
A50: SIKU
A51: BRI C1 469301000223502 | B51: Y 190 | C51: 5000000 | D51: 5000000 | E51: 5000000 | F51: 5000000 | G51: 5026750 | H51: 5000000 | I51: 5000000 | J51: 5000000 | K51: 5000000 | L51: 5000000 | M51: 5000000 | N51: 5000000 | O51: 5000000 | P51: 5000000 | Q51: 5000000 | R51: 5000000 | S51: 37998100
A52: FASTPAY CHYKA | B52: M 190 | C52: 617606 | D52: 729356 | E52: 755456 | F52: 949456 | G52: 246956 | H52: 350454 | I52: 449454 | J52: 651454 | K52: 253454 | L52: 385654 | M52: 289754 | N52: 390454 | O52: 390454 | P52: 496454 | Q52: 48454 | R52: 48454 | S52: 48454
A53: DIGIPOS | B53: H 190 | C53: 383054 | D53: 1059939 | E53: 550313 | F53: 329956 | G53: 828441 | H53: 1071786 | I53: 339381 | J53: 821272 | K53: 455760 | L53: 732152 | M53: 1314444 | N53: 1847965 | O53: 718356 | P53: 1357847 | Q53: 2012837 | R53: 2012837 | S53: 12837
A54: 3 SAKTI | B54: AD 190 | C54: 282072 | D54: 508002 | E54: 108342 | F54: 287212 | G54: 287212 | H54: 374162 | I54: 425162 | J54: 524482 | K54: 38882 | L54: 38882 | M54: 136602 | N54: 240892 | O54: 240892 | P54: 240892 | Q54: 451207 | R54: 451207 | S54: 451207
A55: SIMPEL IM3 | B55: AJ 190 | C55: 257183 | D55: 257183 | E55: 237683 | F55: 28183 | G55: 28183 | H55: 28183 | I55: 28183 | J55: 28183 | K55: 28183 | L55: 28183 | M55: 119683 | N55: 210683 | O55: 210683 | P55: 210683 | Q55: 210683 | R55: 210683 | S55: 210683
A56: SIDOMPUL | B56: AZ 190 | C56: 0 | D56: 0 | E56: 0 | F56: 0 | G56: 0 | H56: 0 | I56: 0 | J56: 0 | K56: 0 | L56: 0 | M56: 0 | N56: 0 | O56: 0 | P56: 0 | Q56: 0 | R56: 0 | S56: 0
A57: PEGADAIAN | B57: AS 190 | C57: 208871 | D57: 208871 | E57: 208871 | F57: 208871 | G57: 208871 | H57: 208871 | I57: 208871 | J57: 208871 | K57: 208871 | L57: 208871 | M57: 208871 | N57: 208871 | O57: 208871 | P57: 208871 | Q57: 208871 | R57: 208871 | S57: 208871
A58: DIGIPOS FINPAY | C58: 4634 | D58: 4634 | E58: 4634 | F58: 4634 | G58: 4634 | H58: 4634 | I58: 4634 | J58: 4634 | K58: 4634 | L58: 4634 | M58: 4634 | N58: 4634 | O58: 4634 | P58: 4634 | Q58: 4634 | R58: 4634 | S58: 4634
A60: JML | C60: 6753420 | D60: 7767985 | E60: 6865299 | F60: 6808312 | G60: 6631047 | H60: 7038090 | I60: 6455685 | J60: 7238896 | K60: 5989784 | L60: 6398376 | M60: 7073988 | N60: 7903499 | O60: 6773890 | P60: 7519381 | Q60: 7936686 | R60: 7936686 | S60: 38934786
A62: HABI BOLA
A63: DIGIPOS | B63: D 191 | C63: 2845144 | D63: 436176 | E63: 2096828 | F63: 759665 | G63: 918462 | H63: 1385523 | I63: 1656415 | J63: 2146246 | K63: 549994 | L63: 577038 | M63: 1170375 | N63: 1526212 | O63: 1621208 | P63: 47102 | Q63: 969540 | R63: 969540 | S63: 969540
A64: FASTPAY | B64: J 191 | C64: 111754 | D64: 86754 | E64: 413654 | F64: 82774 | G64: 49274 | H64: 360274 | I64: 496774 | J64: 472774 | K64: 484274 | L64: 51774 | M64: 59774 | N64: 17274 | O64: 39774 | P64: 599774 | Q64: 867074 | R64: 867074 | S64: 867074
A65: PEGADAIAN MAGDA | B65: Q 191 | C65: 159814 | D65: 159814 | E65: 159814 | F65: 159814 | G65: 159814 | H65: 159814 | I65: 159814 | J65: 159814 | K65: 159814 | L65: 159814 | M65: 159814 | N65: 159814 | O65: 159814 | P65: 159814 | Q65: 159814 | R65: 159814 | S65: 159814
A66: BRIMO YOMAN | B66: X 191 | C66: 632266 | D66: 65006 | E66: 1335006 | F66: 3141506 | G66: 3746506 | H66: 178006 | I66: 1768006 | J66: 2673006 | K66: 3828006 | L66: 328006 | M66: 2120506 | N66: 1605506 | O66: 3508006 | P66: 2477356 | Q66: 43856 | R66: 43856 | S66: 43856
A67: BNI | B67: AD 191 | C67: 39907 | D67: 42907 | E67: 42907 | F67: 42907 | G67: 42907 | H67: 42907 | I67: 42907 | J67: 42907 | K67: 42907 | L67: 42907 | M67: 42907 | N67: 42907 | O67: 42907 | P67: 42907 | Q67: 45907 | R67: 45907 | S67: 45907
A68: BCA | B68: AJ 191 | C68: 42000 | D68: 42000 | E68: 42000 | F68: 42000 | G68: 42000 | H68: 42000 | I68: 42000 | J68: 42000 | K68: 42000 | L68: 42000 | M68: 42000 | N68: 42000 | O68: 42000 | P68: 42000 | Q68: 42000 | R68: 42000 | S68: 42000
A69: MANDIRI | B69: AP 191 | C69: 62000 | D69: 62000 | E69: 62000 | F69: 62500 | G69: 62500 | H69: 65500 | I69: 65500 | J69: 65500 | K69: 65500 | L69: 65500 | M69: 65500 | N69: 65500 | O69: 65500 | P69: 65500 | Q69: 70500 | R69: 70500 | S69: 70500
A70: NTT | B70: AV 191 | C70: 69862 | D70: 69862 | E70: 69862 | F70: 69862 | G70: 69862 | H70: 69862 | I70: 69862 | J70: 69862 | K70: 69862 | L70: 69862 | M70: 69862 | N70: 69862 | O70: 69862 | P70: 69862 | Q70: 69862 | R70: 69862 | S70: 69862
A71: BRILINK | C71: 0 | D71: 0 | E71: 0 | F71: 0 | G71: 0 | H71: 0 | I71: 0 | J71: 0 | K71: 0 | L71: 0 | M71: 0 | N71: 0 | O71: 0 | P71: 0 | Q71: 0 | R71: 0 | S71: 0
A73: JML | C73: 3962747 | D73: 964519 | E73: 4222071 | F73: 4361028 | G73: 5091325 | H73: 2303886 | I73: 4301278 | J73: 5672109 | K73: 5242357 | L73: 1336901 | M73: 3730738 | N73: 3529075 | O73: 5549071 | P73: 3504315 | Q73: 2268553 | R73: 2268553 | S73: 2268553
A77: WATUBLAPI
A78: BRI C1 469301000223502 | B78: V 190 | C78: 5000000 | D78: 5000000 | E78: 5000000 | F78: 5000000 | G78: 5000000 | H78: 5000000 | I78: 5000000 | J78: 5000000 | K78: 5000000 | L78: 5000000 | M78: 5000000 | N78: 5000000 | O78: 5000000 | P78: 5000000 | Q78: 5000000 | R78: 5000000 | S78: 5047700
A79: FASTPAY CHYKA | B79: J 190 | C79: 448604 | D79: 651854 | E79: 378854 | F79: 307104 | G79: 225104 | H79: 376854 | I79: 376854 | J79: 376854 | K79: 391779 | L79: 391779 | M79: 416809 | N79: 416809 | O79: 614809 | P79: 614809 | Q79: 306809 | R79: 306809 | S79: 342809
A80: DIGIPOS | B80: E 190 | C80: 917227 | D80: 447706 | E80: 48061 | F80: 791464 | G80: 343350 | H80: 1093984 | I80: 730676 | J80: 1010768 | K80: 210365 | L80: 669558 | M80: 1415525 | N80: 1778415 | O80: 461895 | P80: 923837 | Q80: 1705863 | R80: 1705863 | S80: 879302
A81: 3 SAKTI | B81: AA 190 | C81: 95445 | D81: 161945 | E81: 31880 | F81: 319500 | G81: 415200 | H81: 415200 | I81: 522520 | J81: 542410 | K81: 109105 | L81: 268955 | M81: 345655 | N81: 435520 | O81: 555085 | P81: 229160 | Q81: 462455 | R81: 462455 | S81: 462455
A82: SIMPEL IM3 | B82: AG 190 | C82: 382750 | D82: 382750 | E82: 234250 | F82: 324950 | G82: 324950 | H82: 385450 | I82: 135450 | J82: 135450 | K82: 181450 | L82: 181450 | M82: 181450 | N82: 181450 | O82: 193200 | P82: 222200 | Q82: 12000 | R82: 12000 | S82: 28000
A83: SIDOMPUL | B83: AW 190 | C83: 0 | D83: 0 | E83: 0 | F83: 0 | G83: 0 | H83: 0 | I83: 0 | J83: 0 | K83: 0 | L83: 0 | M83: 0 | N83: 0 | O83: 0 | P83: 0 | Q83: 0 | R83: 0 | S83: 0
A84: PEGADAIAN | B84: AP 190 | C84: 470951 | D84: 470951 | E84: 470951 | F84: 462659 | G84: 462659 | H84: 462659 | I84: 462659 | J84: 462659 | K84: 460222 | L84: 43285 | M84: 167585 | N84: 167585 | O84: 167585 | P84: 167585 | Q84: 167585 | R84: 167585 | S84: 167585
A86: JML | C86: 7314977 | D86: 7115206 | E86: 6163996 | F86: 7205677 | G86: 6771263 | H86: 7734147 | I86: 7228159 | J86: 7528141 | K86: 6352921 | L86: 6555027 | M86: 7527024 | N86: 7979779 | O86: 6992574 | P86: 7157591 | Q86: 7654712 | R86: 7654712 | S86: 6927851
A89: CHYKA
A90: C2 '357201041984530 | B90: I 190 | C90: 5598140 | D90: 405861 | E90: 4056239 | F90: 3181590 | G90: 4210590 | H90: 60590 | I90: 15347990 | J90: 850490 | K90: 850490 | L90: 2910363 | M90: 224763 | N90: 224763 | O90: 224763 | P90: 8874763 | Q90: 75052263 | R90: 75052263 | S90: 719263
A91: C3 '357201045150531 | B91: N 190 | C91: 52870 | D91: 52870 | E91: 52870 | F91: 52870 | G91: 52870 | H91: 52870 | I91: 52870 | J91: 52870 | K91: 52870 | L91: 52870 | M91: 52870 | N91: 52870 | O91: 52870 | P91: 52870 | Q91: 52870 | R91: 52870 | S91: 52870
A92: ELREI JUNIOR | B92: S 190 | C92: 102777 | D92: 102777 | E92: 52777 | F92: 52777 | G92: 52777 | H92: 52777 | I92: 52777 | J92: 52777 | K92: 52777 | L92: 52777 | M92: 52777 | N92: 52777 | O92: 52777 | P92: 52777 | Q92: 52777 | R92: 52777 | S92: 52777
A93: SANROY JUNIOR | B93: X 190 | C93: 102500 | D93: 52500 | E93: 52500 | F93: 52500 | G93: 52500 | H93: 52500 | I93: 52500 | J93: 52500 | K93: 52500 | L93: 52500 | M93: 52500 | N93: 52500 | O93: 52500 | P93: 52500 | Q93: 52500 | R93: 52500 | S93: 52500
A94: BNI 1775419104 | B94: C 190 | C94: 49123 | D94: 69123 | E94: 69123 | F94: 69123 | G94: 69123 | H94: 69123 | I94: 69123 | J94: 69123 | K94: 69123 | L94: 69123 | M94: 69123 | N94: 69123 | O94: 69123 | P94: 69123 | Q94: 69123 | R94: 69123 | S94: 89123
A95: BCA 6986050208 | B95: AH 190 | C95: 11222 | D95: 11222 | E95: 11222 | F95: 11222 | G95: 11222 | H95: 30222 | I95: 30222 | J95: 30222 | K95: 30222 | L95: 30222 | M95: 30222 | N95: 30222 | O95: 30222 | P95: 30222 | Q95: 30222 | R95: 30222 | S95: 30222
A96: MANDIRI 1810003483006 | B96: AM 190 | C96: 58499 | D96: 68499 | E96: 68499 | F96: 68499 | G96: 68499 | H96: 68499 | I96: 74499 | J96: 74499 | K96: 74499 | L96: 74499 | M96: 74499 | N96: 74499 | O96: 79499 | P96: 79499 | Q96: 29499 | R96: 29499 | S96: 29499
A97: DANA | C97: 0 | D97: 0 | E97: 0 | F97: 0 | G97: 0 | H97: 0 | I97: 0 | J97: 0 | K97: 0 | L97: 0 | M97: 0 | N97: 0 | O97: 0 | P97: 0 | Q97: 0 | R97: 0 | S97: 0
A98: OVO | C98: 0 | D98: 0 | E98: 0 | F98: 0 | G98: 0 | H98: 0 | I98: 0 | J98: 0 | K98: 0 | L98: 0 | M98: 0 | N98: 0 | O98: 0 | P98: 0 | Q98: 0 | R98: 0 | S98: 0
A99: LINKAJA | C99: 5000 | D99: 5000 | E99: 5000 | F99: 5000 | G99: 5000 | H99: 5000 | I99: 5000 | J99: 5000 | K99: 5000 | L99: 5000 | M99: 5000 | N99: 5000 | O99: 5000 | P99: 5000 | Q99: 5000 | R99: 5000 | S99: 5000
A100: REK MEKAR MAGDA | C100: 0 | D100: 0 | E100: 0 | F100: 0 | G100: 0 | H100: 0 | I100: 0 | J100: 0 | K100: 0 | L100: 0 | M100: 0 | N100: 0 | O100: 0 | P100: 0 | Q100: 0 | R100: 0 | S100: 0
A101: REK MEKAR NARTI | C101: 8000 | D101: 8000 | E101: 8000 | F101: 8000 | G101: 8000 | H101: 8000 | I101: 8000 | J101: 8000 | K101: 8000 | L101: 8000 | M101: 8000 | N101: 8000 | O101: 8000 | P101: 8000 | Q101: 8000 | R101: 8000 | S101: 8000
A102: REK TANI MAMA | C102: 3845 | D102: 3845 | E102: 3845 | F102: 3845 | G102: 3845 | H102: 3845 | I102: 3845 | J102: 3845 | K102: 3845 | L102: 3845 | M102: 3845 | N102: 3845 | O102: 3845 | P102: 3845 | Q102: 3845 | R102: 3845 | S102: 3845
A103: REK KIP REI | C103: 3500 | D103: 3500 | E103: 3500 | F103: 3500 | G103: 3500 | H103: 3500 | I103: 3500 | J103: 3500 | K103: 3500 | L103: 3500 | M103: 3500 | N103: 3500 | O103: 3500 | P103: 3500 | Q103: 3500 | R103: 3500 | S103: 3500
A104: REK BAPA NEBE | C104: 85250 | D104: 85250 | E104: 85250 | F104: 85250 | G104: 85250 | H104: 35250 | I104: 35250 | J104: 35250 | K104: 35250 | L104: 35250 | M104: 35250 | N104: 35250 | O104: 35250 | P104: 35250 | Q104: 35250 | R104: 35250 | S104: 35250
C106: 6080726 | D106: 868447 | E106: 4468825 | F106: 3594176 | G106: 4623176 | H106: 442176 | I106: 15735576 | J106: 1238076 | K106: 1238076 | L106: 3297949 | M106: 612349 | N106: 612349 | O106: 617349 | P106: 9267349 | Q106: 75394849 | R106: 75394849 | S106: 1081849
A109: THYAND
A110: T2 '357201019274503 | B110: AC 190 | C110: 76347019 | D110: 30081745 | E110: 30299341 | F110: 60094655 | G110: 11937543 | H110: 94372445 | I110: 14094635 | J110: 146159012 | K110: 38015363 | L110: 35602567 | M110: 94870809 | N110: 37536841 | O110: 25408459 | P110: 57933110 | Q110: 23505299 | R110: 23505299 | S110: 79171
A111: DANA | C111: 5 | D111: 5 | E111: 5 | F111: 5 | G111: 5 | H111: 5 | I111: 5 | J111: 5 | K111: 5 | L111: 5 | M111: 5 | N111: 5 | O111: 5 | P111: 5 | Q111: 5 | R111: 5 | S111: 5
A112: OVO | C112: 3148 | D112: 3148 | E112: 3148 | F112: 3148 | G112: 3148 | H112: 3148 | I112: 3148 | J112: 3148 | K112: 3148 | L112: 3148 | M112: 3148 | N112: 3148 | O112: 3148 | P112: 3148 | Q112: 3148 | R112: 3148 | S112: 3148
A113: LINKAJA | C113: 149 | D113: 149 | E113: 149 | F113: 149 | G113: 149 | H113: 149 | I113: 149 | J113: 149 | K113: 149 | L113: 149 | M113: 149 | N113: 149 | O113: 149 | P113: 149 | Q113: 149 | R113: 149 | S113: 149
A114: MOFJEK | C114: 250000 | D114: 250000 | E114: 250000 | F114: 250000 | G114: 250000 | H114: 250000 | I114: 250000 | J114: 250000 | K114: 250000 | L114: 250000 | M114: 250000 | N114: 250000 | O114: 250000 | P114: 250000 | Q114: 250000 | R114: 250000 | S114: 250000
C116: 76600321 | D116: 30335047 | E116: 30552643 | F116: 60347957 | G116: 12190845 | H116: 94625747 | I116: 14347937 | J116: 146412314 | K116: 38268665 | L116: 35855869 | M116: 95124111 | N116: 37790143 | O116: 25661761 | P116: 58186412 | Q116: 23758601 | R116: 23758601 | S116: 332473
A119: TOTAL SALDO | C119: 108824168 | D119: 53859383 | E119: 60317040 | F119: 90798712 | G119: 41897653 | H119: 119951695 | I119: 54273897 | J119: 170508646 | K119: 64340043 | L119: 58030264 | M119: 121669703 | N119: 66046810 | O119: 52677346 | P119: 93103515 | Q119: 125097790 | R119: 125097790 | S119: 100199588
A123: TOTAL UANG + SALDO | C123: 216277168 | D123: 217760383 | E123: 221764040 | F123: 226292212 | G123: 223631153 | H123: 231878195 | I123: 230828397 | J123: 238789146 | K123: 242570043 | L123: 246146764 | M123: 247457703 | N123: 247082810 | O123: 246131346 | P123: 244996515 | Q123: 245055790 | R123: 245055790 | S123: 244286588
A125: PIUTANG
A127: WIN YENI | C127: 5000000 | D127: 5000000 | E127: 5000000 | F127: 5000000 | G127: 5000000 | H127: 5000000 | I127: 5000000 | J127: 5000000 | K127: 5000000 | L127: 5000000 | M127: 5000000 | N127: 5000000 | O127: 5000000 | P127: 5000000 | Q127: 5000000 | R127: 5000000 | S127: 5000000
A128: HILDE AMOS | C128: 679000 | D128: 679000 | E128: 679000 | F128: 679000 | G128: 679000 | H128: 679000 | I128: 679000 | J128: 679000 | K128: 679000 | L128: 679000 | M128: 679000 | N128: 679000 | O128: 679000 | P128: 679000 | Q128: 679000 | R128: 679000 | S128: 679000
A129: HILDE BARU | C129: 200000 | D129: 200000 | E129: 200000 | F129: 200000 | G129: 200000 | H129: 200000 | I129: 200000 | J129: 200000 | K129: 200000 | L129: 200000 | M129: 200000 | N129: 200000 | O129: 200000 | P129: 200000 | Q129: 200000 | R129: 200000 | S129: 200000
A130: RONI TATY | C130: 0 | D130: 0 | E130: 0 | F130: 0 | G130: 0 | H130: 55000 | I130: 55000 | J130: 55000 | K130: 55000 | L130: 55000 | M130: 55000 | N130: 55000 | O130: 55000 | P130: 55000 | Q130: 55000 | R130: 55000 | S130: 55000
...

Sheet FEB
A1: KETERANGAN EDIT : | B1: WARNA
C3: 26 - 28 Feb | D3: 23 - 25 Feb | E3: 46075 | F3: 46074 | G3: 46073 | H3: 46072 | I3: 16 - 18 Feb | J3: 9 - 15 Feb | K3: 5 - 8 Feb | L3: 1 - 4 Feb | M3: 30 & 31 Jan
C4: KAMIS - SABTU | D4: SENIN - RABU | E4: MINGGU | F4: SABTU | G4: JUMAT | H4: KAMIS | I4: SENIN - RABU | J4: SENIN - MINGGU | K4: KAMIS - MINGGU | L4: MINGGU - RABU | M4: JUMAD & SABTU
A6: KIOS
A7: UANG KECIL
A8: UANG ROBEK | C8: 1037000 | D8: 1037000 | E8: 1037000 | F8: 1031000 | G8: 1031000 | H8: 1133000 | I8: 1083000 | J8: 1083000 | K8: 633000 | L8: 633000 | M8: 633000
A9: UANG KOIN TABUNG | C9: 1410000 | D9: 1410000 | E9: 1410000 | F9: 1410000 | G9: 1410000 | H9: 1410000 | I9: 1410000 | J9: 1410000 | K9: 1410000 | L9: 1410000 | M9: 1410000
A10: KOIN 500 | C10: 0 | D10: 0 | E10: 0 | F10: 0 | G10: 0 | H10: 0 | I10: 0 | J10: 0 | K10: 0 | L10: 0 | M10: 0
A11: KOIN 1000 | C11: 0 | D11: 0 | E11: 0 | F11: 0 | G11: 0 | H11: 0 | I11: 0 | J11: 0 | K11: 0 | L11: 0 | M11: 0
A12: 1000
A13: 2000 | C13: 0 | D13: 0 | E13: 0 | F13: 0 | G13: 0 | H13: 0 | I13: 0 | J13: 0 | K13: 0 | L13: 0 | M13: 0
A14: 5000
A15: 10000 | C15: 0 | D15: 0 | E15: 0 | F15: 0 | G15: 0 | H15: 0 | I15: 0 | J15: 0 | K15: 0 | L15: 0 | M15: 0
A16: 20000 | C16: 0 | D16: 0 | E16: 0 | F16: 0 | G16: 0 | H16: 0 | I16: 0 | J16: 0 | K16: 0 | L16: 0 | M16: 0
A17: 50000 | C17: 0 | D17: 0 | E17: 0 | F17: 0 | G17: 0 | H17: 0 | I17: 0 | J17: 0 | K17: 0 | L17: 0 | M17: 0
A18: 100000 | C18: 0 | D18: 0 | E18: 0 | F18: 0 | G18: 0 | H18: 0 | I18: 0 | J18: 0 | K18: 0 | L18: 0 | M18: 0
C19: 2447000 | D19: 2447000 | E19: 2447000 | F19: 2441000 | G19: 2441000 | H19: 2543000 | I19: 2493000 | J19: 2493000 | K19: 2043000 | L19: 2043000 | M19: 2043000
A22: UANG TUNAI | C22: 160190000 | D22: 293780000 | E22: 162495000 | F22: 94800000 | G22: 131420000 | H22: 265860000 | I22: 304210000 | J22: 180860000 | K22: 152500000 | L22: 163000000 | M22: 105300000
A23: UANG KECIL | C23: 0 | D23: 0 | E23: 0 | F23: 0 | G23: 0 | H23: 0 | I23: 0 | J23: 0 | K23: 0 | L23: 0 | M23: 0
A24: MODAL KIOS | C24: 24000 | D24: 25000 | E24: 162000 | F24: 67500 | G24: 36000 | H24: 41000 | I24: 90500 | J24: 80000 | K24: 80000 | L24: 175000 | M24: 110000
A25: AGEN BAOMEKOT | C25: 0 | D25: 0 | E25: 0 | F25: 0 | G25: 0 | H25: 0 | I25: 0 | J25: 0 | K25: 0 | L25: 0 | M25: 0
A26: AGEN SIKU EHA | C26: 0 | D26: 0 | E26: 0 | F26: 0 | G26: 0 | H26: 0 | I26: 0 | J26: 0 | K26: 0 | L26: 0 | M26: 0
A27: AGEN WATUBLAPI | C27: 0 | D27: 0 | E27: 0 | F27: 0 | G27: 0 | H27: 0 | I27: 0 | J27: 0 | K27: 0 | L27: 0 | M27: 0
A28: AGEN HABIBOLA | C28: 0 | D28: 22979000 | E28: 0 | F28: 0 | G28: 0 | H28: 0 | I28: 0 | J28: 0 | K28: 0 | L28: 0 | M28: 0
A29: DOMPET CIKA | C29: 0 | D29: 0 | E29: 520000 | F29: 0 | G29: 0 | H29: 0 | I29: 0 | J29: 0 | K29: 0 | L29: 0 | M29: 0
A30: DOMPET SET | C30: 44691000 | D30: 0 | E30: 0 | F30: 0 | G30: 0 | H30: 0 | I30: 0 | J30: 135900000 | K30: 0 | L30: 0 | M30: 0
C31: 204905000 | D31: 316784000 | E31: 163177000 | F31: 94867500 | G31: 131456000 | H31: 265901000 | I31: 304300500 | J31: 316840000 | K31: 152580000 | L31: 163175000 | M31: 105410000
A33: TOTAL UANG | C33: 207352000 | D33: 319231000 | E33: 165624000 | F33: 97308500 | G33: 133897000 | H33: 268444000 | I33: 306793500 | J33: 319333000 | K33: 154623000 | L33: 165218000 | M33: 107453000
A36: BAOMEKOT
A38: BRI 357201028758536 | B38: V 190 | C38: 100000000 | D38: 5000000 | E38: 5000000 | F38: 5000000 | G38: 5000000 | H38: 5000000 | I38: 5000000 | J38: 5000000 | K38: 5000000 | L38: 5000000 | M38: 5000000
A39: FASTPAY THYAND | B39: K 190 | C39: 65297 | D39: 166297 | E39: 218292 | F39: 269042 | G39: 346042 | H39: 580542 | I39: 707792 | J39: 768292 | K39: 150792 | L39: 297792 | M39: 640017
A40: DIGIPOS | B40: E 190 | C40: 294252 | D40: 1768536 | E40: 1455342 | F40: 49524 | G40: 563207 | H40: 998392 | I40: 1424284 | J40: 963753 | K40: 2236067 | L40: 2156675 | M40: 1488139
A41: 3 SAKTI | B41: AB 190 | C41: 226983 | D41: 326463 | E41: 757363 | F41: 908563 | G41: 1050343 | H41: 1154843 | I41: 67995 | J41: 285465 | K41: 1053820 | L41: 207980 | M41: 217395
A42: SIMPEL IM3 | B42: AH 190 | C42: 493420 | D42: 10920 | E42: 19520 | F42: 41520 | G42: 50120 | H42: 100370 | I42: 38370 | J42: 187370 | K42: 313130 | L42: 253130 | M42: 308330
A43: SIDOMPUL | B43: BB 190 | C43: 0 | D43: 0 | E43: 0 | F43: 0 | G43: 0 | H43: 0 | I43: 0 | J43: 0 | K43: 0 | L43: 0 | M43: 0
A44: PEGADAIAN | B44: AQ 190 | C44: 1053298 | D44: 1213561 | E44: 175324 | F44: 175324 | G44: 165576 | H44: 71276 | I44: 68839 | J44: 72517 | K44: 751069 | L44: 761884 | M44: 431947
A45: PORTAL PULSA | C45: 4149 | D45: 4149 | E45: 4149 | F45: 4149 | G45: 4149 | H45: 4149 | I45: 4149 | J45: 4149 | K45: 4149 | L45: 4149 | M45: 4149
A46: POSPAY | C46: 22000 | D46: 22000 | E46: 22000 | F46: 22000 | G46: 22000 | H46: 22000 | I46: 22000 | J46: 22000 | K46: 22000 | L46: 22000 | M46: 22000
A48: JML | C48: 102159399 | D48: 8511926 | E48: 7651990 | F48: 6470122 | G48: 7201437 | H48: 7931572 | I48: 7333429 | J48: 7303546 | K48: 9531027 | L48: 8703610 | M48: 8111977
A50: SIKU
A51: BRI C1 469301000223502 | B51: Y 190 | C51: 23000000 | D51: 5000000 | E51: 5000000 | F51: 5000000 | G51: 5000000 | H51: 5000000 | I51: 5000000 | J51: 5033250 | K51: 5000000 | L51: 5000000 | M51: 5000000
A52: FASTPAY CHYKA | B52: M 190 | C52: 809656 | D52: 656806 | E52: 778306 | F52: 778306 | G52: 778306 | H52: 778306 | I52: 778306 | J52: 937206 | K52: 732206 | L52: 20356 | M52: 617606
A53: DIGIPOS | B53: H 190 | C53: 1672936 | D53: 912113 | E53: 1032194 | F53: 32194 | G53: 223088 | H53: 826175 | I53: 243567 | J53: 622998 | K53: 1677881 | L53: 1877749 | M53: 383054
A54: 3 SAKTI | B54: AD 190 | C54: 516390 | D54: 41265 | E54: 313505 | F54: 313505 | G54: 412905 | H54: 412905 | I54: 460497 | J54: 240417 | K54: 523897 | L54: 653897 | M54: 282072
A55: SIMPEL IM3 | B55: AJ 190 | C55: 515583 | D55: 15583 | E55: 15583 | F55: 15583 | G55: 125733 | H55: 149033 | I55: 41883 | J55: 135683 | K55: 178683 | L55: 19683 | M55: 257183
A56: SIDOMPUL | B56: AZ 190 | C56: 0 | D56: 0 | E56: 0 | F56: 0 | G56: 0 | H56: 0 | I56: 0 | J56: 0 | K56: 0 | L56: 0 | M56: 0
A57: PEGADAIAN | B57: AS 190 | C57: 208871 | D57: 208871 | E57: 208871 | F57: 208871 | G57: 208871 | H57: 208871 | I57: 208871 | J57: 208871 | K57: 208871 | L57: 208871 | M57: 208871
A58: DIGIPOS FINPAY | C58: 4634 | D58: 4634 | E58: 4634 | F58: 4634 | G58: 4634 | H58: 4634 | I58: 4634 | J58: 4634 | K58: 4634 | L58: 4634 | M58: 4634
A60: JML | C60: 26728070 | D60: 6839272 | E60: 7353093 | F60: 6353093 | G60: 6753537 | H60: 7379924 | I60: 6737758 | J60: 7183059 | K60: 8326172 | L60: 7785190 | M60: 6753420
A62: HABI BOLA
A63: DIGIPOS | B63: D 191 | C63: 1689064 | D63: 905283 | E63: 2245850 | F63: 245850 | G63: 576542 | H63: 109131 | I63: 593535 | J63: 464901 | K63: 2077266 | L63: 1474777 | M63: 2845144
A64: FASTPAY | B64: J 191 | C64: 176249 | D64: 504749 | E64: 537524 | F64: 537524 | G64: 807024 | H64: 2185724 | I64: 463224 | J64: 2433224 | K64: 125424 | L64: 33924 | M64: 111754
A65: PEGADAIAN MAGDA | B65: Q 191 | C65: 159814 | D65: 159814 | E65: 159814 | F65: 159814 | G65: 159814 | H65: 159814 | I65: 159814 | J65: 159814 | K65: 159814 | L65: 159814 | M65: 159814
A66: BRIMO YOMAN | B66: X 191 | C66: 1303388 | D66: 2567510 | E66: 2339010 | F66: 2339010 | G66: 201510 | H66: 1058784 | I66: 3026284 | J66: 6485284 | K66: 510284 | L66: 1675284 | M66: 632266
A67: BNI | B67: AD 191 | C67: 39907 | D67: 39907 | E67: 39907 | F67: 39907 | G67: 39907 | H67: 39907 | I67: 39907 | J67: 39907 | K67: 39907 | L67: 39907 | M67: 39907
A68: BCA | B68: AJ 191 | C68: 35000 | D68: 35000 | E68: 35000 | F68: 35000 | G68: 35000 | H68: 35000 | I68: 35000 | J68: 35000 | K68: 35000 | L68: 35000 | M68: 42000
A69: MANDIRI | B69: AP 191 | C69: 53500 | D69: 53500 | E69: 53500 | F69: 53500 | G69: 53500 | H69: 53500 | I69: 53500 | J69: 62000 | K69: 62000 | L69: 62000 | M69: 62000
A70: NTT | B70: AV 191 | C70: 69862 | D70: 69862 | E70: 69862 | F70: 69862 | G70: 69862 | H70: 69862 | I70: 69862 | J70: 69862 | K70: 69862 | L70: 69862 | M70: 69862
A71: BRILINK | C71: 0 | D71: 0 | E71: 0 | F71: 0 | G71: 0 | H71: 0 | I71: 0 | J71: 0 | K71: 0 | L71: 0 | M71: 0
A73: JML | C73: 3526784 | D73: 4335625 | E73: 5480467 | F73: 3480467 | G73: 1943159 | H73: 3711722 | I73: 4441126 | J73: 9749992 | K73: 3079557 | L73: 3550568 | M73: 3962747
A77: WATUBLAPI
A78: BRI C1 469301000223502 | B78: V 190 | C78: 20000000 | D78: 5000000 | E78: 5000000 | F78: 5000000 | G78: 5000000 | H78: 5000000 | I78: 5000000 | J78: 5053601 | K78: 5000000 | L78: 5000000 | M78: 5000000
A79: FASTPAY CHYKA | B79: J 190 | C79: 468604 | D79: 468604 | E79: 695104 | F79: 695104 | G79: 931404 | H79: 931404 | I79: 31404 | J79: 234904 | K79: 496454 | L79: 885954 | M79: 448604
A80: DIGIPOS | B80: E 190 | C80: 1171149 | D80: 227567 | E80: 935022 | F80: 935022 | G80: 601303 | H80: 2489 | I80: 503534 | J80: 994866 | K80: 1380785 | L80: 1303357 | M80: 917227
A81: 3 SAKTI | B81: AA 190 | C81: 351677 | D81: 133942 | E81: 210962 | F81: 210962 | G81: 287342 | H81: 436492 | I81: 487815 | J81: 171335 | K81: 699645 | L81: 245845 | M81: 95445
A82: SIMPEL IM3 | B82: AG 190 | C82: 385300 | D82: 17100 | E82: 140900 | F82: 140900 | G82: 258900 | H82: 258900 | I82: 8900 | J82: 37400 | K82: 266200 | L82: 368500 | M82: 382750
A83: SIDOMPUL | B83: AW 190 | C83: 0 | D83: 0 | E83: 0 | F83: 0 | G83: 0 | H83: 0 | I83: 0 | J83: 0 | K83: 0 | L83: 0 | M83: 0
A84: PEGADAIAN | B84: AP 190 | C84: 475884 | D84: 475884 | E84: 475884 | F84: 473447 | G84: 5047 | H84: 2610 | I84: 43710 | J84: 499062 | K84: 791388 | L84: 470951 | M84: 470951
A86: JML | C86: 22852614 | D86: 6323097 | E86: 7457872 | F86: 7455435 | G86: 7083996 | H86: 6631895 | I86: 6075363 | J86: 6991168 | K86: 8634472 | L86: 8274607 | M86: 7314977
A89: CHYKA
A90: C2 '357201041984530 | B90: I 190 | C90: 959866 | D90: 17374516 | E90: 1024096 | F90: 3968646 | G90: 8986676 | H90: 7880228 | I90: 5027928 | J90: 4832928 | K90: 73337396 | L90: 9504640 | M90: 5598140
A91: C3 '357201045150531 | B91: N 190 | C91: 50870 | D91: 50870 | E91: 50870 | F91: 50870 | G91: 50870 | H91: 50870 | I91: 50870 | J91: 50870 | K91: 21870 | L91: 52870 | M91: 52870
A92: ELREI JUNIOR | B92: S 190 | C92: 52777 | D92: 52777 | E92: 52777 | F92: 52777 | G92: 52777 | H92: 52777 | I92: 52777 | J92: 52777 | K92: 52777 | L92: 52777 | M92: 102777
A93: SANROY JUNIOR | B93: X 190 | C93: 52500 | D93: 52500 | E93: 52500 | F93: 52500 | G93: 52500 | H93: 52500 | I93: 52500 | J93: 52500 | K93: 52500 | L93: 52500 | M93: 102500
A94: BNI 1775419104 | B94: C 190 | C94: 49123 | D94: 49123 | E94: 49123 | F94: 49123 | G94: 49123 | H94: 49123 | I94: 49123 | J94: 49123 | K94: 49123 | L94: 49123 | M94: 49123
A95: BCA 6986050208 | B95: AH 190 | C95: 42222 | D95: 42222 | E95: 42222 | F95: 42222 | G95: 61222 | H95: 61222 | I95: 61222 | J95: 61222 | K95: 11222 | L95: 11222 | M95: 11222
A96: MANDIRI 1810003483006 | B96: AM 190 | C96: 52499 | D96: 52499 | E96: 52499 | F96: 52499 | G96: 52499 | H96: 52499 | I96: 52499 | J96: 52499 | K96: 58499 | L96: 58499 | M96: 58499
A97: DANA | C97: 0 | D97: 0 | E97: 0 | F97: 0 | G97: 0 | H97: 0 | I97: 0 | J97: 0 | K97: 0 | L97: 0 | M97: 0
A98: OVO | C98: 0 | D98: 0 | E98: 0 | F98: 0 | G98: 0 | H98: 0 | I98: 0 | J98: 0 | K98: 0 | L98: 0 | M98: 0
A99: LINKAJA | C99: 5000 | D99: 5000 | E99: 5000 | F99: 5000 | G99: 5000 | H99: 5000 | I99: 5000 | J99: 5000 | K99: 5000 | L99: 5000 | M99: 5000
A100: REK MEKAR MAGDA | C100: 0 | D100: 0 | E100: 0 | F100: 0 | G100: 0 | H100: 0 | I100: 0 | J100: 0 | K100: 0 | L100: 0 | M100: 0
A101: REK MEKAR NARTI | C101: 8000 | D101: 8000 | E101: 8000 | F101: 8000 | G101: 8000 | H101: 8000 | I101: 8000 | J101: 8000 | K101: 8000 | L101: 8000 | M101: 8000
A102: REK TANI MAMA | C102: 3845 | D102: 3845 | E102: 3845 | F102: 3845 | G102: 3845 | H102: 3845 | I102: 3845 | J102: 3845 | K102: 3845 | L102: 3845 | M102: 3845
A103: REK KIP REI | C103: 3500 | D103: 3500 | E103: 3500 | F103: 3500 | G103: 3500 | H103: 3500 | I103: 3500 | J103: 3500 | K103: 3500 | L103: 3500 | M103: 3500
A104: REK BAPA NEBE | C104: 85250 | D104: 85250 | E104: 85250 | F104: 85250 | G104: 85250 | H104: 85250 | I104: 85250 | J104: 85250 | K104: 85250 | L104: 85250 | M104: 85250
C106: 1365452 | D106: 17780102 | E106: 1429682 | F106: 4374232 | G106: 9411262 | H106: 8304814 | I106: 5452514 | J106: 5257514 | K106: 73688982 | L106: 9887226 | M106: 6080726
A109: THYAND
A110: T2 '357201019274503 | B110: AC 190 | C110: 506011 | D110: 9222180 | E110: 24558760 | F110: 93147710 | G110: 51717135 | H110: 55964535 | I110: 32454551 | J110: 9913369 | K110: 100040564 | L110: 13916250 | M110: 76347019
A111: DANA | C111: 5 | D111: 5 | E111: 5 | F111: 5 | G111: 5 | H111: 5 | I111: 5 | J111: 5 | K111: 5 | L111: 5 | M111: 5
A112: OVO | C112: 3148 | D112: 3148 | E112: 3148 | F112: 3148 | G112: 3148 | H112: 3148 | I112: 3148 | J112: 3148 | K112: 3148 | L112: 3148 | M112: 3148
A113: LINKAJA | C113: 149 | D113: 149 | E113: 149 | F113: 149 | G113: 149 | H113: 149 | I113: 149 | J113: 149 | K113: 149 | L113: 149 | M113: 149
A114: MOFJEK | C114: 250000 | D114: 250000 | E114: 250000 | F114: 250000 | G114: 250000 | H114: 250000 | I114: 250000 | J114: 250000 | K114: 250000 | L114: 250000 | M114: 250000
C116: 759313 | D116: 9475482 | E116: 24812062 | F116: 93401012 | G116: 51970437 | H116: 56217837 | I116: 32707853 | J116: 10166671 | K116: 100293866 | L116: 14169552 | M116: 76600321
A119: TOTAL SALDO | C119: 157391632 | D119: 53265504 | E119: 54185166 | F119: 121534361 | G119: 84363828 | H119: 90177764 | I119: 62748043 | J119: 46651950 | K119: 203554076 | L119: 52370753 | M119: 108824168
A123: TOTAL UANG + SALDO | C123: 364743632 | D123: 372496504 | E123: 219809166 | F123: 218842861 | G123: 218260828 | H123: 358621764 | I123: 369541543 | J123: 365984950 | K123: 358177076 | L123: 217588753 | M123: 216277168
A125: PIUTANG
A127: WIN YENI | C127: 5000000 | D127: 5000000 | E127: 5000000 | F127: 5000000 | G127: 5000000 | H127: 5000000 | I127: 5000000 | J127: 5000000 | K127: 5000000 | L127: 5000000 | M127: 5000000
A128: HILDE AMOS | C128: 679000 | D128: 679000 | E128: 679000 | F128: 679000 | G128: 679000 | H128: 679000 | I128: 679000 | J128: 679000 | K128: 679000 | L128: 679000 | M128: 679000
A129: HILDE BARU | C129: 200000 | D129: 200000 | E129: 200000 | F129: 200000 | G129: 200000 | H129: 200000 | I129: 200000 | J129: 200000 | K129: 200000 | L129: 200000 | M129: 200000
A130: OBING | C130: 55000 | D130: 55000 | E130: 0 | F130: 0 | G130: 0 | H130: 0 | I130: 0 | J130: 0 | K130: 0 | L130: 0 | M130: 0
...

Sheet MARET
A1: KETERANGAN EDIT : | B1: WARNA
C3: 31 MARET | D3: 30 MARET | E3: 29 MARET | F3: 27 - 28 MARET | G3: 26 MARET | H3: 24 - 25 MARET | I3: 22 - 23 MARET | J3: 21 MARET | K3: 20 MARET | L3: 19 MARET | M3: 18 MARET | N3: 15 - 17 MARET | O3: 14 MARET | P3: 12 - 13 MARET | Q3: 5 - 11 MARET | R3: 2 - 4 MARET | S3: 1 MARET | T3: 26 - 28 Feb
C4: SELASA | D4: SENIN | E4: MINGGU | F4: JUMAT - SABTU | G4: KAMIS | H4: SELASA | I4: MINGGU - SENIN | J4: SABTU | K4: JUMAT | L4: KAMIS | M4: RABU | N4: MINGGU - SELASA | O4: SABTU | P4: JUMAT | Q4: KAMIS - RABU | R4: SENIN SELASA RABU | S4: MINGGU | T4: KAMIS - SABTU
A6: KIOS
A7: UANG KECIL
A8: UANG ROBEK | C8: 260000 | D8: 260000 | E8: 250000 | F8: 230000 | G8: 230000 | H8: 230000 | I8: 230000 | J8: 230000 | K8: 230000 | L8: 230000 | M8: 230000 | N8: 230000 | O8: 230000 | P8: 230000 | Q8: 1073000 | R8: 1052000 | S8: 1037000 | T8: 1037000
A9: UANG KOIN TABUNG | C9: 1410000 | D9: 1410000 | E9: 1410000 | F9: 1410000 | G9: 1410000 | H9: 1410000 | I9: 1410000 | J9: 1410000 | K9: 1410000 | L9: 1410000 | M9: 1410000 | N9: 1410000 | O9: 1410000 | P9: 1410000 | Q9: 1410000 | R9: 1410000 | S9: 1410000 | T9: 1410000
A10: KOIN 500 | C10: 0 | D10: 0 | E10: 0 | F10: 0 | G10: 0 | H10: 0 | I10: 0 | J10: 0 | K10: 0 | L10: 0 | M10: 0 | N10: 0 | O10: 0 | P10: 0 | Q10: 0 | R10: 0 | S10: 0 | T10: 0
A11: KOIN 1000 | C11: 0 | D11: 0 | E11: 0 | F11: 0 | G11: 0 | H11: 0 | I11: 0 | J11: 0 | K11: 0 | L11: 0 | M11: 0 | N11: 0 | O11: 0 | P11: 0 | Q11: 0 | R11: 0 | S11: 0 | T11: 0
A12: 1000
A13: 2000 | C13: 0 | D13: 0 | E13: 0 | F13: 0 | G13: 0 | H13: 0 | I13: 0 | J13: 0 | K13: 0 | L13: 0 | M13: 0 | N13: 0 | O13: 0 | P13: 0 | Q13: 0 | R13: 0 | S13: 0 | T13: 0
A14: 5000
A15: 10000 | C15: 0 | D15: 0 | E15: 0 | F15: 0 | G15: 0 | H15: 0 | I15: 0 | J15: 0 | K15: 0 | L15: 0 | M15: 0 | N15: 0 | O15: 0 | P15: 0 | Q15: 0 | R15: 0 | S15: 0 | T15: 0
A16: 20000 | C16: 0 | D16: 0 | E16: 0 | F16: 0 | G16: 0 | H16: 0 | I16: 0 | J16: 0 | K16: 0 | L16: 0 | M16: 0 | N16: 0 | O16: 0 | P16: 0 | Q16: 0 | R16: 0 | S16: 0 | T16: 0
A17: 50000 | C17: 0 | D17: 0 | E17: 0 | F17: 0 | G17: 0 | H17: 0 | I17: 0 | J17: 0 | K17: 0 | L17: 0 | M17: 0 | N17: 0 | O17: 0 | P17: 0 | Q17: 0 | R17: 0 | S17: 0 | T17: 0
A18: 100000 | C18: 0 | D18: 0 | E18: 0 | F18: 0 | G18: 0 | H18: 0 | I18: 0 | J18: 0 | K18: 0 | L18: 0 | M18: 0 | N18: 0 | O18: 0 | P18: 0 | Q18: 0 | R18: 0 | S18: 0 | T18: 0
C19: 1670000 | D19: 1670000 | E19: 1660000 | F19: 1640000 | G19: 1640000 | H19: 1640000 | I19: 1640000 | J19: 1640000 | K19: 1640000 | L19: 1640000 | M19: 1640000 | N19: 1640000 | O19: 1640000 | P19: 1640000 | Q19: 2483000 | R19: 2462000 | S19: 2447000 | T19: 2447000
A22: UANG TUNAI | C22: 90400000 | D22: 143600000 | E22: 130500000 | F22: 132750000 | G22: 101400000 | H22: 81805000 | I22: 160383000 | J22: 160200000 | K22: 145250000 | L22: 131222000 | M22: 186270000 | N22: 133250000 | O22: 115300000 | P22: 136100000 | Q22: 127226000 | R22: 70200000 | S22: 205344000 | T22: 160190000
A23: UANG KECIL | C23: 0 | D23: 0 | E23: 0 | F23: 0 | G23: 0 | H23: 0 | I23: 0 | J23: 0 | K23: 0 | L23: 0 | M23: 0 | N23: 0 | O23: 0 | P23: 0 | Q23: 0 | R23: 0 | S23: 0 | T23: 0
A24: MODAL KIOS | C24: 66500 | D24: 17500 | E24: 88500 | F24: 52500 | G24: 65000 | H24: 99000 | I24: 128000 | J24: 60000 | K24: 146000 | L24: 116000 | M24: 107000 | N24: 110000 | O24: 73500 | P24: 44500 | Q24: 104500 | R24: 214000 | S24: 82500 | T24: 24000
A25: AGEN BAOMEKOT | C25: 0 | D25: 0 | E25: 0 | F25: 0 | G25: 0 | H25: 0 | I25: 0 | J25: 0 | K25: 0 | L25: 0 | M25: 0 | N25: 0 | O25: 0 | P25: 0 | Q25: 0 | R25: 6197000 | S25: 0 | T25: 0
A26: AGEN SIKU EHA | C26: 0 | D26: 0 | E26: 0 | F26: 0 | G26: 0 | H26: 0 | I26: 0 | J26: 0 | K26: 0 | L26: 0 | M26: 0 | N26: 0 | O26: 0 | P26: 0 | Q26: 0 | R26: 13630000 | S26: 0 | T26: 0
A27: AGEN WATUBLAPI | C27: 0 | D27: 0 | E27: 0 | F27: 0 | G27: 0 | H27: 0 | I27: 0 | J27: 0 | K27: 0 | L27: 0 | M27: 0 | N27: 0 | O27: 0 | P27: 0 | Q27: 0 | R27: 9837000 | S27: 0 | T27: 0
A28: AGEN HABIBOLA | C28: 18338000 | D28: 23414000 | E28: 0 | F28: 0 | G28: 0 | H28: 21333000 | I28: 0 | J28: 0 | K28: 28612000 | L28: 28321000 | M28: 0 | N28: 0 | O28: 0 | P28: 23702000 | Q28: 1667000 | R28: 10665000 | S28: 0 | T28: 0
A29: DOMPET CIKA | C29: 0 | D29: 0 | E29: 0 | F29: 8000000 | G29: 0 | H29: 0 | I29: 0 | J29: 0 | K29: 90000 | L29: 90000 | M29: 100000 | N29: 200000 | O29: 0 | P29: 0 | Q29: 0 | R29: 0 | S29: 0 | T29: 0
A30: DOMPET SET | C30: 0 | D30: 0 | E30: 0 | F30: 0 | G30: 0 | H30: 0 | I30: 0 | J30: 0 | K30: 0 | L30: 0 | M30: 0 | N30: 0 | O30: 0 | P30: 0 | Q30: 0 | R30: 0 | S30: 0 | T30: 44691000
C31: 108804500 | D31: 167031500 | E31: 130588500 | F31: 140802500 | G31: 101465000 | H31: 103237000 | I31: 160511000 | J31: 160260000 | K31: 174098000 | L31: 159749000 | M31: 186477000 | N31: 133560000 | O31: 115373500 | P31: 159846500 | Q31: 128997500 | R31: 110743000 | S31: 205426500 | T31: 204905000
A33: TOTAL UANG | C33: 110474500 | D33: 168701500 | E33: 132248500 | F33: 142442500 | G33: 103105000 | H33: 104877000 | I33: 162151000 | J33: 161900000 | K33: 175738000 | L33: 161389000 | M33: 188117000 | N33: 135200000 | O33: 117013500 | P33: 161486500 | Q33: 131480500 | R33: 113205000 | S33: 207873500 | T33: 207352000
A36: BAOMEKOT
A38: BRI 357201028758536 | B38: V 190 | C38: 5000000 | D38: 5000000 | E38: 5000000 | F38: 5000000 | G38: 5000000 | H38: 5000000 | I38: 5000000 | J38: 5000000 | K38: 5000000 | L38: 5000000 | M38: 5000000 | N38: 5000000 | O38: 5000000 | P38: 5000000 | Q38: 5000000 | R38: 5000000 | S38: 5000000 | T38: 100000000
A39: FASTPAY THYAND | B39: K 190 | C39: 293147 | D39: 981447 | E39: 981447 | F39: 440947 | G39: 787797 | H39: 787797 | I39: 870047 | J39: 870047 | K39: 139247 | L39: 139247 | M39: 241247 | N39: 241247 | O39: 241247 | P39: 266997 | Q39: 671597 | R39: 779147 | S39: 130947 | T39: 65297
A40: DIGIPOS | B40: E 190 | C40: 211778 | D40: 538965 | E40: 1113651 | F40: 380347 | G40: 464520 | H40: 755709 | I40: 81142 | J40: 785692 | K40: 1327581 | L40: 1928670 | M40: 403760 | N40: 652956 | O40: 97429 | P40: 288319 | Q40: 1243297 | R40: 613139 | S40: 74858 | T40: 294252
A41: 3 SAKTI | B41: AB 190 | C41: 530238 | D41: 675938 | E41: 844938 | F41: 916313 | G41: 1253368 | H41: 1562348 | I41: 1680503 | J41: 1819763 | K41: 1940458 | L41: 2086808 | M41: 2460168 | N41: 2713268 | O41: 3299808 | P41: 3467508 | Q41: 3755178 | R41: 4848403 | S41: 77683 | T41: 226983
A42: SIMPEL IM3 | B42: AH 190 | C42: 555770 | D42: 568770 | E42: 568770 | F42: 586770 | G42: 115070 | H42: 115070 | I42: 146070 | J42: 194320 | K42: 194320 | L42: 382320 | M42: 395820 | N42: 413320 | O42: 255920 | P42: 255920 | Q42: 265420 | R42: 388920 | S42: 447420 | T42: 493420
A43: SIDOMPUL | B43: BB 190 | C43: 0 | D43: 0 | E43: 0 | F43: 0 | G43: 0 | H43: 0 | I43: 0 | J43: 0 | K43: 0 | L43: 0 | M43: 0 | N43: 0 | O43: 0 | P43: 0 | Q43: 0 | R43: 0 | S43: 0 | T43: 0
A44: PEGADAIAN | B44: AQ 190 | C44: 177638 | D44: 386364 | E44: 461064 | F44: 461064 | G44: 461064 | H44: 461064 | I44: 484827 | J44: 484827 | K44: 484827 | L44: 484827 | M44: 484827 | N44: 482390 | O44: 657279 | P44: 846779 | Q44: 952568 | R44: 281472 | S44: 1053298 | T44: 1053298
A45: PORTAL PULSA | C45: 4149 | D45: 4149 | E45: 4149 | F45: 4149 | G45: 4149 | H45: 4149 | I45: 4149 | J45: 4149 | K45: 4149 | L45: 4149 | M45: 4149 | N45: 4149 | O45: 4149 | P45: 4149 | Q45: 4149 | R45: 4149 | S45: 4149 | T45: 4149
A46: POSPAY | C46: 22000 | D46: 22000 | E46: 22000 | F46: 22000 | G46: 22000 | H46: 22000 | I46: 22000 | J46: 22000 | K46: 22000 | L46: 22000 | M46: 22000 | N46: 22000 | O46: 22000 | P46: 22000 | Q46: 22000 | R46: 22000 | S46: 22000 | T46: 22000
A48: JML | C48: 6794720 | D48: 8177633 | E48: 8996019 | F48: 7811590 | G48: 8107968 | H48: 8708137 | I48: 8288738 | J48: 9180798 | K48: 9112582 | L48: 10048021 | M48: 9011971 | N48: 9529330 | O48: 9577832 | P48: 10151672 | Q48: 11914209 | R48: 11937230 | S48: 6810355 | T48: 102159399
A50: SIKU
A51: BRI C1 469301000223502 | B51: Y 190 | C51: 5000000 | D51: 5000000 | E51: 5000000 | F51: 5000000 | G51: 5000000 | H51: 5000000 | I51: 5000000 | J51: 5000000 | K51: 5000000 | L51: 5000000 | M51: 5000000 | N51: 5000000 | O51: 5000000 | P51: 5000000 | Q51: 5000000 | R51: 5000000 | S51: 5000000 | T51: 23000000
A52: FASTPAY CHYKA | B52: M 190 | C52: 391431 | D52: 138431 | E52: 285431 | F52: 285431 | G52: 336431 | H52: 538431 | I52: 732681 | J52: 813681 | K52: 570981 | L52: 596231 | M52: 596231 | N52: 762931 | O52: 118781 | P52: 118781 | Q52: 189781 | R52: 841281 | S52: 844656 | T52: 809656
A53: DIGIPOS | B53: H 190 | C53: 302375 | D53: 745065 | E53: 1129251 | F53: 1129251 | G53: 366237 | H53: 877830 | I53: 424504 | J53: 827192 | K53: 1115442 | L53: 1483730 | M53: 337322 | N53: 757414 | O53: 337942 | P53: 974527 | Q53: 247502 | R53: 1487506 | S53: 1672936 | T53: 1672936
A54: 3 SAKTI | B54: AD 190 | C54: 428265 | D54: 487265 | E54: 64965 | F54: 64965 | G54: 265910 | H54: 306910 | I54: 355910 | J54: 419910 | K54: 485975 | L54: 503975 | M54: 3975 | N54: 3975 | O54: 26975 | P54: 26975 | Q54: 130675 | R54: 370950 | S54: 516390 | T54: 516390
A55: SIMPEL IM3 | B55: AJ 190 | C55: 486583 | D55: 486583 | E55: 486583 | F55: 486583 | G55: 92583 | H55: 148583 | I55: 148583 | J55: 148583 | K55: 271083 | L55: 271083 | M55: 321583 | N55: 321583 | O55: 349331 | P55: 361083 | Q55: 361083 | R55: 475083 | S55: 515583 | T55: 515583
A56: SIDOMPUL | B56: AZ 190 | C56: 0 | D56: 0 | E56: 0 | F56: 0 | G56: 0 | H56: 0 | I56: 0 | J56: 0 | K56: 0 | L56: 0 | M56: 0 | N56: 0 | O56: 0 | P56: 0 | Q56: 0 | R56: 0 | S56: 0 | T56: 0
A57: PEGADAIAN | B57: AS 190 | C57: 208871 | D57: 208871 | E57: 208871 | F57: 208871 | G57: 208871 | H57: 208871 | I57: 208871 | J57: 208871 | K57: 208871 | L57: 208871 | M57: 208871 | N57: 208871 | O57: 208871 | P57: 208871 | Q57: 208871 | R57: 208871 | S57: 208871 | T57: 208871
A58: DIGIPOS FINPAY | C58: 4634 | D58: 4634 | E58: 4634 | F58: 4634 | G58: 4634 | H58: 4634 | I58: 4634 | J58: 4634 | K58: 4634 | L58: 4634 | M58: 4634 | N58: 4634 | O58: 4634 | P58: 4634 | Q58: 4634 | R58: 4634 | S58: 4634 | T58: 4634
A60: JML | C60: 6822159 | D60: 7070849 | E60: 7179735 | F60: 7179735 | G60: 6274666 | H60: 7085259 | I60: 6875183 | J60: 7422871 | K60: 7656986 | L60: 8068524 | M60: 6472616 | N60: 7059408 | O60: 6046534 | P60: 6694871 | Q60: 6142546 | R60: 8388325 | S60: 8763070 | T60: 26728070
A62: HABI BOLA
A63: DIGIPOS | B63: D 191 | C63: 285115 | D63: 746405 | E63: 982183 | F63: 1004583 | G63: 1213380 | H63: 72856 | I63: 141730 | J63: 359724 | K63: 663782 | L63: 976874 | M63: 1870758 | N63: 21252 | O63: 878023 | P63: 1280911 | Q63: 80436 | R63: 758882 | S63: 1689064 | T63: 1689064
A64: FASTPAY | B64: J 191 | C64: 766174 | D64: 65674 | E64: 85174 | F64: 85174 | G64: 259674 | H64: 409999 | I64: 1977699 | J64: 150199 | K64: 225199 | L64: 1084199 | M64: 609599 | N64: 589599 | O64: 27599 | P64: 5058099 | Q64: 612099 | R64: 167149 | S64: 926549 | T64: 176249
A65: PEGADAIAN MAGDA | B65: Q 191 | C65: 159814 | D65: 159814 | E65: 159814 | F65: 159814 | G65: 159814 | H65: 159814 | I65: 159814 | J65: 159814 | K65: 159814 | L65: 159814 | M65: 159814 | N65: 159814 | O65: 159814 | P65: 159814 | Q65: 159814 | R65: 159814 | S65: 159814 | T65: 159814
A66: BRIMO YOMAN | B66: X 191 | C66: 48991 | D66: 278991 | E66: 45250 | F66: 27799 | G66: 482799 | H66: 957799 | I66: 4059299 | J66: 1357221 | K66: 1038783 | L66: 881283 | M66: 5178783 | N66: 5756283 | O66: 5052783 | P66: 192783 | Q66: 1032711 | R66: 810507 | S66: 1303388 | T66: 1303388
A67: BNI | B67: AD 191 | C67: 36907 | D67: 36907 | E67: 36907 | F67: 36907 | G67: 36907 | H67: 36907 | I67: 36907 | J67: 36907 | K67: 36907 | L67: 36907 | M67: 36907 | N67: 36907 | O67: 36907 | P67: 36907 | Q67: 36907 | R67: 36907 | S67: 36907 | T67: 39907
A68: BCA | B68: AJ 191 | C68: 27000 | D68: 27000 | E68: 27000 | F68: 27000 | G68: 27000 | H68: 27000 | I68: 35000 | J68: 35000 | K68: 35000 | L68: 35000 | M68: 35000 | N68: 35000 | O68: 35000 | P68: 35000 | Q68: 35000 | R68: 35000 | S68: 35000 | T68: 35000
A69: MANDIRI | B69: AP 191 | C69: 44500 | D69: 44500 | E69: 44500 | F69: 44500 | G69: 44500 | H69: 44500 | I69: 44500 | J69: 44500 | K69: 44500 | L69: 44500 | M69: 44500 | N69: 44500 | O69: 44500 | P69: 48500 | Q69: 48500 | R69: 48500 | S69: 48500 | T69: 53500
A70: NTT | B70: AV 191 | C70: 69862 | D70: 69862 | E70: 69862 | F70: 69862 | G70: 69862 | H70: 69862 | I70: 69862 | J70: 69862 | K70: 69862 | L70: 69862 | M70: 69862 | N70: 69862 | O70: 69862 | P70: 69862 | Q70: 69862 | R70: 69862 | S70: 69862 | T70: 69862
A71: BRILINK | C71: 0 | D71: 0 | E71: 0 | F71: 0 | G71: 0 | H71: 0 | I71: 0 | J71: 0 | K71: 0 | L71: 0 | M71: 0 | N71: 0 | O71: 0 | P71: 0 | Q71: 0 | R71: 0 | S71: 0 | T71: 0
A73: JML | C73: 1438363 | D73: 1429153 | E73: 1450690 | F73: 1455639 | G73: 2293936 | H73: 1778737 | I73: 6524811 | J73: 2213227 | K73: 2273847 | L73: 3288439 | M73: 8005223 | N73: 6713217 | O73: 6304488 | P73: 6881876 | Q73: 2075329 | R73: 2086621 | S73: 4269084 | T73: 3526784
A77: WATUBLAPI
A78: BRI C1 469301000223502 | B78: V 190 | C78: 5000000 | D78: 5000000 | E78: 5000000 | F78: 5000000 | G78: 5000000 | H78: 5000000 | I78: 5000000 | J78: 5000000 | K78: 5000000 | L78: 5000000 | M78: 5000000 | N78: 5000000 | O78: 5000000 | P78: 5000000 | Q78: 5000000 | R78: 5000000 | S78: 5000000 | T78: 20000000
A79: FASTPAY CHYKA | B79: J 190 | C79: 87813 | D79: 920912 | E79: 920912 | F79: 920912 | G79: 115037 | H79: 135787 | I79: 135787 | J79: 237287 | K79: 288037 | L79: 359537 | M79: 380287 | N79: 209037 | O79: 280537 | P79: 331537 | Q79: 648062 | R79: 224062 | S79: 475604 | T79: 468604
A80: DIGIPOS | B80: E 190 | C80: 428188 | D80: 1069028 | E80: 1340716 | F80: 1340716 | G80: 1320694 | H80: 177983 | I80: 1002162 | J80: 1306449 | K80: 1680441 | L80: 604333 | M80: 95519 | N80: 421812 | O80: 794079 | P80: 251858 | Q80: 1329 | R80: 1251989 | S80: 1171149 | T80: 1171149
A81: 3 SAKTI | B81: AA 190 | C81: 433127 | D81: 499637 | E81: 114297 | F81: 114297 | G81: 350942 | H81: 473532 | I81: 381932 | J81: 381932 | K81: 407622 | L81: 503022 | M81: 3022 | N81: 3022 | O81: 154042 | P81: 326452 | Q81: 375452 | R81: 187177 | S81: 351677 | T81: 351677
A82: SIMPEL IM3 | B82: AG 190 | C82: 500800 | D82: 500800 | E82: 551300 | F82: 551300 | G82: 168800 | H82: 168800 | I82: 196300 | J82: 209800 | K82: 360300 | L82: 360300 | M82: 360300 | N82: 360300 | O82: 123800 | P82: 136800 | Q82: 157800 | R82: 373550 | S82: 385300 | T82: 385300
A83: SIDOMPUL | B83: AW 190 | C83: 0 | D83: 0 | E83: 0 | F83: 0 | G83: 0 | H83: 0 | I83: 0 | J83: 0 | K83: 0 | L83: 0 | M83: 0 | N83: 0 | O83: 0 | P83: 0 | Q83: 0 | R83: 0 | S83: 0 | T83: 0
A84: PEGADAIAN | B84: AP 190 | C84: 452263 | D84: 452263 | E84: 452263 | F84: 452263 | G84: 452263 | H84: 452263 | I84: 452263 | J84: 452263 | K84: 452263 | L84: 452263 | M84: 452263 | N84: 451321 | O84: 451321 | P84: 448884 | Q84: 475884 | R84: 475884 | S84: 475884 | T84: 475884
A86: JML | C86: 6902191 | D86: 8442640 | E86: 8379488 | F86: 8379488 | G86: 7407736 | H86: 6408365 | I86: 7168444 | J86: 7587731 | K86: 8188663 | L86: 7279455 | M86: 6291391 | N86: 6445492 | O86: 6803779 | P86: 6495531 | Q86: 6658527 | R86: 7512662 | S86: 7859614 | T86: 22852614
A89: CHYKA
A90: C2 '357201041984530 | B90: I 190 | C90: 6561736 | D90: 9561736 | E90: 14715736 | F90: 14618986 | G90: 17018043 | H90: 4521043 | I90: 7700121 | J90: 20129221 | K90: 5416837 | L90: 11073337 | M90: 4165734 | N90: 4237534 | O90: 647922 | P90: 647922 | Q90: 12597422 | R90: 532672 | S90: 959866 | T90: 959866
A91: C3 '357201045150531 | B91: N 190 | C91: 50870 | D91: 50870 | E91: 50870 | F91: 50870 | G91: 50870 | H91: 50870 | I91: 50870 | J91: 50870 | K91: 50870 | L91: 50870 | M91: 50870 | N91: 50870 | O91: 50870 | P91: 50870 | Q91: 50870 | R91: 50870 | S91: 50870 | T91: 50870
A92: ELREI JUNIOR | B92: S 190 | C92: 152777 | D92: 152777 | E92: 152777 | F92: 152777 | G92: 102777 | H92: 102777 | I92: 102777 | J92: 102777 | K92: 102777 | L92: 102777 | M92: 102777 | N92: 102777 | O92: 102777 | P92: 102777 | Q92: 102777 | R92: 102777 | S92: 52777 | T92: 52777
A93: SANROY JUNIOR | B93: X 190 | C93: 102500 | D93: 102500 | E93: 102500 | F93: 102500 | G93: 102500 | H93: 102500 | I93: 102500 | J93: 102500 | K93: 102500 | L93: 102500 | M93: 102500 | N93: 102500 | O93: 102500 | P93: 102500 | Q93: 102500 | R93: 102500 | S93: 52500 | T93: 52500
A94: BNI 1775419104 | B94: C 190 | C94: 29123 | D94: 29123 | E94: 29123 | F94: 29123 | G94: 29123 | H94: 29123 | I94: 29123 | J94: 29123 | K94: 29123 | L94: 49123 | M94: 49123 | N94: 49123 | O94: 49123 | P94: 49123 | Q94: 49123 | R94: 49123 | S94: 49123 | T94: 49123
A95: BCA 6986050208 | B95: AH 190 | C95: 42222 | D95: 42222 | E95: 42222 | F95: 42222 | G95: 42222 | H95: 42222 | I95: 42222 | J95: 42222 | K95: 42222 | L95: 42222 | M95: 42222 | N95: 42222 | O95: 42222 | P95: 42222 | Q95: 42222 | R95: 42222 | S95: 42222 | T95: 42222
A96: MANDIRI 1810003483006 | B96: AM 190 | C96: 41499 | D96: 41499 | E96: 41499 | F96: 41499 | G96: 41499 | H96: 41499 | I96: 41499 | J96: 41499 | K96: 41499 | L96: 52499 | M96: 52499 | N96: 52499 | O96: 52499 | P96: 52499 | Q96: 52499 | R96: 52499 | S96: 52499 | T96: 52499
A97: DANA | C97: 0 | D97: 0 | E97: 0 | F97: 0 | G97: 0 | H97: 0 | I97: 0 | J97: 0 | K97: 0 | L97: 0 | M97: 0 | N97: 0 | O97: 0 | P97: 0 | Q97: 0 | R97: 0 | S97: 0 | T97: 0
A98: OVO | C98: 0 | D98: 0 | E98: 0 | F98: 0 | G98: 0 | H98: 0 | I98: 0 | J98: 0 | K98: 0 | L98: 0 | M98: 0 | N98: 0 | O98: 0 | P98: 0 | Q98: 0 | R98: 0 | S98: 0 | T98: 0
A99: LINKAJA | C99: 5000 | D99: 5000 | E99: 5000 | F99: 5000 | G99: 5000 | H99: 5000 | I99: 5000 | J99: 5000 | K99: 5000 | L99: 5000 | M99: 5000 | N99: 5000 | O99: 5000 | P99: 5000 | Q99: 5000 | R99: 5000 | S99: 5000 | T99: 5000
A100: REK MEKAR MAGDA | C100: 0 | D100: 0 | E100: 0 | F100: 0 | G100: 0 | H100: 0 | I100: 0 | J100: 0 | K100: 0 | L100: 0 | M100: 0 | N100: 0 | O100: 0 | P100: 0 | Q100: 0 | R100: 0 | S100: 0 | T100: 0
A101: REK MEKAR NARTI | C101: 8000 | D101: 8000 | E101: 8000 | F101: 8000 | G101: 8000 | H101: 8000 | I101: 8000 | J101: 8000 | K101: 8000 | L101: 8000 | M101: 8000 | N101: 8000 | O101: 8000 | P101: 8000 | Q101: 8000 | R101: 8000 | S101: 8000 | T101: 8000
A102: REK TANI MAMA | C102: 3845 | D102: 3845 | E102: 3845 | F102: 3845 | G102: 3845 | H102: 3845 | I102: 3845 | J102: 3845 | K102: 3845 | L102: 3845 | M102: 3845 | N102: 3845 | O102: 3845 | P102: 3845 | Q102: 3845 | R102: 3845 | S102: 3845 | T102: 3845
A103: REK KIP REI | C103: 3500 | D103: 3500 | E103: 3500 | F103: 3500 | G103: 3500 | H103: 3500 | I103: 3500 | J103: 3500 | K103: 3500 | L103: 3500 | M103: 3500 | N103: 3500 | O103: 3500 | P103: 3500 | Q103: 3500 | R103: 3500 | S103: 3500 | T103: 3500
A104: REK BAPA NEBE | C104: 0 | D104: 0 | E104: 0 | F104: 45250 | G104: 45250 | H104: 81250 | I104: 81250 | J104: 81250 | K104: 81250 | L104: 81250 | M104: 81250 | N104: 81250 | O104: 85250 | P104: 85250 | Q104: 85250 | R104: 85250 | S104: 85250 | T104: 85250
C106: 7001072 | D106: 10001072 | E106: 15155072 | F106: 15103572 | G106: 17452629 | H106: 4991629 | I106: 8170707 | J106: 20599807 | K106: 5887423 | L106: 11574923 | M106: 4667320 | N106: 4739120 | O106: 1153508 | P106: 1153508 | Q106: 13103008 | R106: 1038258 | S106: 1365452 | T106: 1365452
A109: THYAND
A110: T2 '357201019274503 | B110: AC 190 | C110: 75278621 | D110: 14281621 | E110: 46230371 | F110: 37024921 | G110: 71205253 | H110: 84034470 | I110: 17972637 | J110: 7636937 | K110: 6737646 | L110: 16155126 | M110: 57122 | N110: 54711122 | O110: 72469251 | P110: 24988198 | Q110: 45237621 | R110: 74467312 | S110: 128771011 | T110: 506011
A111: DANA | C111: 5 | D111: 5 | E111: 5 | F111: 5 | G111: 5 | H111: 5 | I111: 5 | J111: 5 | K111: 5 | L111: 5 | M111: 5 | N111: 5 | O111: 5 | P111: 5 | Q111: 5 | R111: 5 | S111: 5 | T111: 5
A112: OVO | C112: 3148 | D112: 3148 | E112: 3148 | F112: 3148 | G112: 3148 | H112: 3148 | I112: 3148 | J112: 3148 | K112: 3148 | L112: 3148 | M112: 3148 | N112: 3148 | O112: 3148 | P112: 3148 | Q112: 3148 | R112: 3148 | S112: 3148 | T112: 3148
A113: LINKAJA | C113: 149 | D113: 149 | E113: 149 | F113: 149 | G113: 149 | H113: 149 | I113: 149 | J113: 149 | K113: 149 | L113: 149 | M113: 149 | N113: 149 | O113: 149 | P113: 149 | Q113: 149 | R113: 149 | S113: 149 | T113: 149
A114: MOFJEK | C114: 250000 | D114: 250000 | E114: 250000 | F114: 250000 | G114: 250000 | H114: 250000 | I114: 250000 | J114: 250000 | K114: 250000 | L114: 250000 | M114: 250000 | N114: 250000 | O114: 250000 | P114: 250000 | Q114: 250000 | R114: 250000 | S114: 250000 | T114: 250000
C116: 75531923 | D116: 14534923 | E116: 46483673 | F116: 37278223 | G116: 71458555 | H116: 84287772 | I116: 18225939 | J116: 7890239 | K116: 6990948 | L116: 16408428 | M116: 310424 | N116: 54964424 | O116: 72722553 | P116: 25241500 | Q116: 45490923 | R116: 74720614 | S116: 129024313 | T116: 759313
A119: TOTAL SALDO | C119: 104490428 | D119: 49656270 | E119: 87644677 | F119: 77208247 | G119: 112995490 | H119: 113259899 | I119: 55253822 | J119: 54894673 | K119: 40110449 | L119: 56667790 | M119: 34758945 | N119: 89450991 | O119: 102608694 | P119: 56618958 | Q119: 85384542 | R119: 105683710 | S119: 158091888 | T119: 157391632
A123: TOTAL UANG + SALDO | C123: 214964928 | D123: 218357770 | E123: 219893177 | F123: 219650747 | G123: 216100490 | H123: 218136899 | I123: 217404822 | J123: 216794673 | K123: 215848449 | L123: 218056790 | M123: 222875945 | N123: 224650991 | O123: 219622194 | P123: 218105458 | Q123: 216865042 | R123: 218888710 | S123: 365965388 | T123: 364743632
A125: PIUTANG
A127: WIN YENI | C127: 5000000 | D127: 5000000 | E127: 5000000 | F127: 5000000 | G127: 5000000 | H127: 5000000 | I127: 5000000 | J127: 5000000 | K127: 5000000 | L127: 5000000 | M127: 5000000 | N127: 5000000 | O127: 5000000 | P127: 5000000 | Q127: 5000000 | R127: 5000000 | S127: 5000000 | T127: 5000000
A128: HILDE AMOS | C128: 679000 | D128: 679000 | E128: 679000 | F128: 679000 | G128: 679000 | H128: 679000 | I128: 679000 | J128: 679000 | K128: 679000 | L128: 679000 | M128: 679000 | N128: 679000 | O128: 679000 | P128: 679000 | Q128: 679000 | R128: 679000 | S128: 679000 | T128: 679000
A129: HILDE BARU | C129: 200000 | D129: 200000 | E129: 200000 | F129: 200000 | G129: 200000 | H129: 200000 | I129: 200000 | J129: 200000 | K129: 200000 | L129: 200000 | M129: 200000 | N129: 200000 | O129: 200000 | P129: 200000 | Q129: 200000 | R129: 200000 | S129: 200000 | T129: 200000
A130: OBING | C130: 55000 | D130: 55000 | E130: 55000 | F130: 55000 | G130: 55000 | H130: 55000 | I130: 55000 | J130: 55000 | K130: 55000 | L130: 55000 | M130: 55000 | N130: 55000 | O130: 55000 | P130: 55000 | Q130: 55000 | R130: 55000 | S130: 55000 | T130: 55000
...

Sheet APRIL
A1: KETERANGAN EDIT : | B1: WARNA
C3: 28 - 30 APRIL | D3: 46139 | E3: 25 - 26 APRIL | F3: 46136 | G3: 46135 | H3: 46134 | I3: 46132 | J3: 46131 | K3: 46130 | L3: 46129 | M3: 46128 | N3: 46127 | O3: 46126 | P3: 46125 | Q3: 46124 | R3: 46123 | S3: 46122 | T3: 46121 | U3: 46120 | V3: 46119 | W3: 46118 | X3: 3 - 5 Apr | Y3: 46114 | Z3: 46113 | AA3: 31 MARET
C4: SELASA | D4: SENIN | E4: SABTU - MINGGU | F4: JUMAT | G4: KAMIS | H4: RABU | I4: SENIN - SELASA | J4: MINGGU | K4: SABTU | L4: JUMAT | M4: KAMIS | N4: RABU | O4: SELASA | P4: SENIN | Q4: MINGGU | R4: SABTU | S4: JUMAT | T4: KAMIS | U4: RABU | V4: SELASA | W4: SENIN | X4: JUMAD - MINGGU | Y4: KAMIS | Z4: RABU | AA4: SELASA
A6: KIOS
A7: UANG KECIL
A8: UANG ROBEK | C8: 266000 | D8: 266000 | E8: 266000 | F8: 266000 | G8: 266000 | H8: 266000 | I8: 266000 | J8: 266000 | K8: 266000 | L8: 265000 | M8: 265000 | N8: 265000 | O8: 265000 | P8: 265000 | Q8: 265000 | R8: 265000 | S8: 265000 | T8: 260000 | U8: 260000 | V8: 260000 | W8: 260000 | X8: 260000 | Y8: 260000 | Z8: 260000 | AA8: 260000
A9: UANG KOIN TABUNG | C9: 1480000 | D9: 1480000 | E9: 1480000 | F9: 1480000 | G9: 1480000 | H9: 1480000 | I9: 1480000 | J9: 1410000 | K9: 1410000 | L9: 1410000 | M9: 1410000 | N9: 1410000 | O9: 1410000 | P9: 1410000 | Q9: 1410000 | R9: 1410000 | S9: 1410000 | T9: 1410000 | U9: 1410000 | V9: 1410000 | W9: 1410000 | X9: 1410000 | Y9: 1410000 | Z9: 1410000 | AA9: 1410000
A10: KOIN 500 | C10: 0 | D10: 0 | E10: 0 | F10: 0 | G10: 0 | H10: 0 | I10: 0 | J10: 0 | K10: 0 | L10: 0 | M10: 0 | N10: 0 | O10: 0 | P10: 0 | Q10: 0 | R10: 0 | S10: 0 | T10: 0 | U10: 0 | V10: 0 | W10: 0 | X10: 0 | Y10: 0 | Z10: 0 | AA10: 0
A11: KOIN 1000 | C11: 0 | D11: 0 | E11: 0 | F11: 0 | G11: 0 | H11: 0 | I11: 0 | J11: 0 | K11: 0 | L11: 0 | M11: 0 | N11: 0 | O11: 0 | P11: 0 | Q11: 0 | R11: 0 | S11: 0 | T11: 0 | U11: 0 | V11: 0 | W11: 0 | X11: 0 | Y11: 0 | Z11: 0 | AA11: 0
A12: 1000
A13: 2000 | C13: 0 | D13: 0 | E13: 0 | F13: 0 | G13: 0 | H13: 0 | I13: 0 | J13: 0 | K13: 0 | L13: 0 | M13: 0 | N13: 0 | O13: 0 | P13: 0 | Q13: 0 | R13: 0 | S13: 0 | T13: 0 | U13: 0 | V13: 0 | W13: 0 | X13: 0 | Y13: 0 | Z13: 0 | AA13: 0
A14: 5000
A15: 10000 | C15: 0 | D15: 0 | E15: 0 | F15: 0 | G15: 0 | H15: 0 | I15: 0 | J15: 0 | K15: 0 | L15: 0 | M15: 0 | N15: 0 | O15: 0 | P15: 0 | Q15: 0 | R15: 0 | S15: 0 | T15: 0 | U15: 0 | V15: 0 | W15: 0 | X15: 0 | Y15: 0 | Z15: 0 | AA15: 0
A16: 20000 | C16: 0 | D16: 0 | E16: 0 | F16: 0 | G16: 0 | H16: 0 | I16: 0 | J16: 0 | K16: 0 | L16: 0 | M16: 0 | N16: 0 | O16: 0 | P16: 0 | Q16: 0 | R16: 0 | S16: 0 | T16: 0 | U16: 0 | V16: 0 | W16: 0 | X16: 0 | Y16: 0 | Z16: 0 | AA16: 0
A17: 50000 | C17: 0 | D17: 0 | E17: 0 | F17: 0 | G17: 0 | H17: 0 | I17: 0 | J17: 0 | K17: 0 | L17: 0 | M17: 0 | N17: 0 | O17: 0 | P17: 0 | Q17: 0 | R17: 0 | S17: 0 | T17: 0 | U17: 0 | V17: 0 | W17: 0 | X17: 0 | Y17: 0 | Z17: 0 | AA17: 0
A18: 100000 | C18: 0 | D18: 0 | E18: 0 | F18: 0 | G18: 0 | H18: 0 | I18: 0 | J18: 0 | K18: 0 | L18: 0 | M18: 0 | N18: 0 | O18: 0 | P18: 0 | Q18: 0 | R18: 0 | S18: 0 | T18: 0 | U18: 0 | V18: 0 | W18: 0 | X18: 0 | Y18: 0 | Z18: 0 | AA18: 0
C19: 1746000 | D19: 1746000 | E19: 1746000 | F19: 1746000 | G19: 1746000 | H19: 1746000 | I19: 1746000 | J19: 1676000 | K19: 1676000 | L19: 1675000 | M19: 1675000 | N19: 1675000 | O19: 1675000 | P19: 1675000 | Q19: 1675000 | R19: 1675000 | S19: 1675000 | T19: 1670000 | U19: 1670000 | V19: 1670000 | W19: 1670000 | X19: 1670000 | Y19: 1670000 | Z19: 1670000 | AA19: 1670000
A22: UANG TUNAI | C22: 34069000 | D22: 94850000 | E22: 137314000 | F22: 87000000 | G22: 126250000 | H22: 136500000 | I22: 154500000 | J22: 168350000 | K22: 178800000 | L22: 126065000 | M22: 180600000 | N22: 171050000 | O22: 142000000 | P22: 119050000 | Q22: 146500000 | R22: 121676000 | S22: 139000000 | T22: 157930000 | U22: 111520000 | V22: 123700000 | W22: 111416000 | X22: 111000000 | Y22: 111200000 | Z22: 151500000 | AA22: 90400000
A23: UANG KECIL | C23: 0 | D23: 0 | E23: 0 | F23: 0 | G23: 0 | H23: 0 | I23: 0 | J23: 0 | K23: 0 | L23: 0 | M23: 0 | N23: 0 | O23: 0 | P23: 0 | Q23: 0 | R23: 0 | S23: 0 | T23: 0 | U23: 0 | V23: 0 | W23: 0 | X23: 0 | Y23: 0 | Z23: 0 | AA23: 0
A24: MODAL KIOS | C24: 12000 | D24: 57000 | E24: 2000 | F24: 114000 | G24: 8000 | H24: 53500 | I24: 12000 | J24: 82000 | K24: 85000 | L24: 83500 | M24: 164000 | N24: 109000 | O24: 90000 | P24: 81000 | Q24: 85500 | R24: 56000 | S24: 120500 | T24: 54000 | U24: 89500 | V24: 59500 | W24: 52500 | X24: 69500 | Y24: 69500 | Z24: 101500 | AA24: 66500
A25: AGEN BAOMEKOT | C25: 0 | D25: 0 | E25: 0 | F25: 0 | G25: 0 | H25: 0 | I25: 0 | J25: 0 | K25: 0 | L25: 0 | M25: 0 | N25: 0 | O25: 0 | P25: 0 | Q25: 0 | R25: 0 | S25: 0 | T25: 0 | U25: 0 | V25: 0 | W25: 0 | X25: 0 | Y25: 0 | Z25: 0 | AA25: 0
A26: AGEN SIKU EHA | C26: 0 | D26: 0 | E26: 0 | F26: 0 | G26: 0 | H26: 0 | I26: 0 | J26: 0 | K26: 0 | L26: 0 | M26: 0 | N26: 0 | O26: 0 | P26: 0 | Q26: 0 | R26: 0 | S26: 0 | T26: 0 | U26: 0 | V26: 0 | W26: 0 | X26: 0 | Y26: 0 | Z26: 0 | AA26: 0
A27: AGEN WATUBLAPI | C27: 0 | D27: 0 | E27: 0 | F27: 0 | G27: 0 | H27: 0 | I27: 0 | J27: 0 | K27: 0 | L27: 0 | M27: 0 | N27: 0 | O27: 0 | P27: 0 | Q27: 0 | R27: 0 | S27: 0 | T27: 0 | U27: 0 | V27: 0 | W27: 0 | X27: 0 | Y27: 0 | Z27: 0 | AA27: 0
A28: AGEN HABIBOLA | C28: 0 | D28: 33668000 | E28: 25000000 | F28: 39975000 | G28: 36650000 | H28: 23023000 | I28: 0 | J28: 7151000 | K28: 7151000 | L28: 2196000 | M28: 12499000 | N28: 19665000 | O28: 19708000 | P28: 23868000 | Q28: 0 | R28: 22145000 | S28: 18919000 | T28: 10459000 | U28: 12886000 | V28: 13978000 | W28: 19323000 | X28: 0 | Y28: 0 | Z28: 10787000 | AA28: 18338000
A29: DOMPET CIKA | C29: 0 | D29: 0 | E29: 0 | F29: 0 | G29: 0 | H29: 0 | I29: 0 | J29: 0 | K29: 0 | L29: 0 | M29: 0 | N29: 0 | O29: 0 | P29: 70000 | Q29: 70000 | R29: 0 | S29: 0 | T29: 1500000 | U29: 500000 | V29: 500000 | W29: 500000 | X29: 0 | Y29: 0 | Z29: 0 | AA29: 0
A30: DOMPET SET | C30: 0 | D30: 0 | E30: 0 | F30: 0 | G30: 0 | H30: 0 | I30: 0 | J30: 0 | K30: 0 | L30: 0 | M30: 0 | N30: 0 | O30: 0 | P30: 0 | Q30: 0 | R30: 0 | S30: 0 | T30: 0 | U30: 0 | V30: 0 | W30: 0 | X30: 0 | Y30: 0 | Z30: 0 | AA30: 0
C31: 34081000 | D31: 128575000 | E31: 162316000 | F31: 127089000 | G31: 162908000 | H31: 159576500 | I31: 154512000 | J31: 175583000 | K31: 186036000 | L31: 128344500 | M31: 193263000 | N31: 190824000 | O31: 161798000 | P31: 143069000 | Q31: 146655500 | R31: 143877000 | S31: 158039500 | T31: 169943000 | U31: 124995500 | V31: 138237500 | W31: 131291500 | X31: 111069500 | Y31: 111269500 | Z31: 162388500 | AA31: 108804500
A33: TOTAL UANG | C33: 35827000 | D33: 130321000 | E33: 164062000 | F33: 128835000 | G33: 164654000 | H33: 161322500 | I33: 156258000 | J33: 177259000 | K33: 187712000 | L33: 130019500 | M33: 194938000 | N33: 192499000 | O33: 163473000 | P33: 144744000 | Q33: 148330500 | R33: 145552000 | S33: 159714500 | T33: 171613000 | U33: 126665500 | V33: 139907500 | W33: 132961500 | X33: 112739500 | Y33: 112939500 | Z33: 164058500 | AA33: 110474500
A36: BAOMEKOT
A38: BRI 357201028758536 | B38: V 190 | C38: 100000000 | D38: 5000000 | E38: 5000000 | F38: 5000000 | G38: 5000000 | H38: 5000000 | I38: 80000000 | J38: 5000000 | K38: 5000000 | L38: 5000000 | M38: 5000000 | N38: 5000000 | O38: 5000000 | P38: 5000000 | Q38: 5000000 | R38: 5000000 | S38: 5000000 | T38: 5000000 | U38: 5000000 | V38: 5000000 | W38: 5000000 | X38: 134900 | Y38: 50300 | Z38: 5000000 | AA38: 5000000
A39: FASTPAY THYAND | B39: K 190 | C39: 458872 | D39: 443922 | E39: 443922 | F39: 777097 | G39: 827097 | H39: 827047 | I39: 54047 | J39: 125547 | K39: 125547 | L39: 256847 | M39: 368147 | N39: 939897 | O39: 939897 | P39: 939897 | Q39: 124897 | R39: 165647 | S39: 165647 | T39: 216397 | U39: 216397 | V39: 216397 | W39: 216397 | X39: 267397 | Y39: 267397 | Z39: 293147 | AA39: 293147
A40: DIGIPOS | B40: E 190 | C40: 1265195 | D40: 33769 | E40: 334962 | F40: 1017343 | G40: 1320636 | H40: 232828 | I40: 586515 | J40: 1526585 | K40: 1834980 | L40: 325972 | M40: 619662 | N40: 920011 | O40: 1488799 | P40: 1910287 | Q40: 384878 | R40: 758167 | S40: 971862 | T40: 1718044 | U40: 1858037 | V40: 277128 | W40: 510921 | X40: 1118403 | Y40: 1175402 | Z40: 1917989 | AA40: 211778
A41: 3 SAKTI | B41: AB 190 | C41: 808588 | D41: 487118 | E41: 673638 | F41: 838728 | G41: 972248 | H41: 1087448 | I41: 469803 | J41: 123633 | K41: 157333 | L41: 303853 | M41: 425853 | N41: 256853 | O41: 510573 | P41: 117273 | Q41: 314823 | R41: 314823 | S41: 536698 | T41: 566578 | U41: 131578 | V41: 307078 | W41: 635288 | X41: 272168 | Y41: 272168 | Z41: 431138 | AA41: 530238
A42: SIMPEL IM3 | B42: AH 190 | C42: 335170 | D42: 404170 | E42: 77170 | F42: 191170 | G42: 191170 | H42: 191170 | I42: 338670 | J42: 378870 | K42: 470370 | L42: 533870 | M42: 533870 | N42: 54870 | O42: 132370 | P42: 182370 | Q42: 262970 | R42: 262970 | S42: 353970 | T42: 380970 | U42: 380970 | V42: 404470 | W42: 404470 | X42: 458770 | Y42: 458770 | Z42: 509270 | AA42: 555770
A43: SIDOMPUL | B43: BB 190 | C43: 0 | D43: 0 | E43: 0 | F43: 0 | G43: 0 | H43: 0 | I43: 0 | J43: 0 | K43: 0 | L43: 0 | M43: 0 | N43: 0 | O43: 0 | P43: 0 | Q43: 0 | R43: 0 | S43: 0 | T43: 0 | U43: 0 | V43: 0 | W43: 0 | X43: 0 | Y43: 0 | Z43: 0 | AA43: 0
A44: PEGADAIAN | B44: AQ 190 | C44: 848171 | D44: 878371 | E44: 878371 | F44: 878371 | G44: 875934 | H44: 963834 | I44: 963834 | J44: 461223 | K44: 461223 | L44: 456349 | M44: 6349 | N44: 6349 | O44: 6349 | P44: 1475 | Q44: 180075 | R44: 180075 | S44: 180075 | T44: 180075 | U44: 180075 | V44: 180075 | W44: 180075 | X44: 180075 | Y44: 180075 | Z44: 180075 | AA44: 177638
A45: PORTAL PULSA | C45: 4149 | D45: 4149 | E45: 4149 | F45: 4149 | G45: 4149 | H45: 4149 | I45: 4149 | J45: 4149 | K45: 4149 | L45: 4149 | M45: 4149 | N45: 4149 | O45: 4149 | P45: 4149 | Q45: 4149 | R45: 4149 | S45: 4149 | T45: 4149 | U45: 4149 | V45: 4149 | W45: 4149 | X45: 4149 | Y45: 4149 | Z45: 4149 | AA45: 4149
A46: POSPAY | C46: 22000 | D46: 22000 | E46: 22000 | F46: 22000 | G46: 22000 | H46: 22000 | I46: 22000 | J46: 22000 | K46: 22000 | L46: 22000 | M46: 22000 | N46: 22000 | O46: 22000 | P46: 22000 | Q46: 22000 | R46: 22000 | S46: 22000 | T46: 22000 | U46: 22000 | V46: 22000 | W46: 22000 | X46: 22000 | Y46: 22000 | Z46: 22000 | AA46: 22000
A48: JML | C48: 103742145 | D48: 7273499 | E48: 7434212 | F48: 8728858 | G48: 9213234 | H48: 8328476 | I48: 82439018 | J48: 7642007 | K48: 8075602 | L48: 6903040 | M48: 6980030 | N48: 7204129 | O48: 8104137 | P48: 8177451 | Q48: 6293792 | R48: 6707831 | S48: 7234401 | T48: 8088213 | U48: 7793206 | V48: 6411297 | W48: 6973300 | X48: 2457862 | Y48: 2430261 | Z48: 8357768 | AA48: 6794720
A50: SIKU
A51: BRI C1 469301000223502 | B51: Y 190 | C51: 100000000 | D51: 5000000 | E51: 5000001 | F51: 5000001 | G51: 5000001 | H51: 5000001 | I51: 5000000 | J51: 5000000 | K51: 5000000 | L51: 5000000 | M51: 5000000 | N51: 5000000 | O51: 5000000 | P51: 5000000 | Q51: 5000000 | R51: 5000000 | S51: 5000000 | T51: 5000000 | U51: 5000000 | V51: 5000000 | W51: 5000000 | X51: 83100 | Y51: 50000 | Z51: 5000000 | AA51: 5000000
A52: FASTPAY CHYKA | B52: M 190 | C52: 299537 | D52: 264537 | E52: 264537 | F52: 314437 | G52: 314437 | H52: 314437 | I52: 314437 | J52: 858481 | K52: 858481 | L52: 879231 | M52: 485731 | N52: 13281 | O52: 13281 | P52: 214281 | Q52: 315281 | R52: 315281 | S52: 315281 | T52: 68831 | U52: 68831 | V52: 227831 | W52: 386831 | X52: 78831 | Y52: 78831 | Z52: 200131 | AA52: 391431
A53: DIGIPOS | B53: H 190 | C53: 1487990 | D53: 107159 | E53: 552152 | F53: 969441 | G53: 1240893 | H53: 246877 | I53: 646763 | J53: 1500135 | K53: 1500135 | L53: 158930 | M53: 516922 | N53: 933710 | O53: 1299204 | P53: 629697 | Q53: 126649 | R53: 126649 | S53: 540892 | T53: 776086 | U53: 1239537 | V53: 1426733 | W53: 1706327 | X53: 1758725 | Y53: 1758725 | Z53: 1864222 | AA53: 302375
A54: 3 SAKTI | B54: AD 190 | C54: 1115430 | D54: 261450 | E54: 307950 | F54: 480840 | G54: 580215 | H54: 622090 | I54: 678090 | J54: 433820 | K54: 433820 | L54: 467570 | M54: 519260 | N54: 389160 | O54: 414035 | P54: 511735 | Q54: 556835 | R54: 556835 | S54: 646850 | T54: 667550 | U54: 196250 | V54: 320440 | W54: 343440 | X54: 343440 | Y54: 343440 | Z54: 343440 | AA54: 428265
A55: SIMPEL IM3 | B55: AJ 190 | C55: 497833 | D55: 659583 | E55: 206083 | F55: 252583 | G55: 252583 | H55: 252583 | I55: 293083 | J55: 436083 | K55: 436083 | L55: 436083 | M55: 436083 | N55: 436083 | O55: 436083 | P55: 436083 | Q55: 436083 | R55: 436083 | S55: 436083 | T55: 436083 | U55: 436083 | V55: 436083 | W55: 436083 | X55: 436083 | Y55: 436083 | Z55: 486583 | AA55: 486583
A56: SIDOMPUL | B56: AZ 190 | C56: 0 | D56: 0 | E56: 0 | F56: 0 | G56: 0 | H56: 0 | I56: 0 | J56: 0 | K56: 0 | L56: 0 | M56: 0 | N56: 0 | O56: 0 | P56: 0 | Q56: 0 | R56: 0 | S56: 0 | T56: 0 | U56: 0 | V56: 0 | W56: 0 | X56: 0 | Y56: 0 | Z56: 0 | AA56: 0
A57: PEGADAIAN | B57: AS 190 | C57: 208871 | D57: 208871 | E57: 208871 | F57: 208871 | G57: 208871 | H57: 208871 | I57: 208871 | J57: 208871 | K57: 208871 | L57: 208871 | M57: 208871 | N57: 208871 | O57: 208871 | P57: 208871 | Q57: 208871 | R57: 208871 | S57: 208871 | T57: 208871 | U57: 208871 | V57: 208871 | W57: 208871 | X57: 208871 | Y57: 208871 | Z57: 208871 | AA57: 208871
A58: DIGIPOS FINPAY | C58: 4634 | D58: 4634 | E58: 4634 | F58: 4634 | G58: 4634 | H58: 4634 | I58: 4634 | J58: 4634 | K58: 4634 | L58: 4634 | M58: 4634 | N58: 4634 | O58: 4634 | P58: 4634 | Q58: 4634 | R58: 4634 | S58: 4634 | T58: 4634 | U58: 4634 | V58: 4634 | W58: 4634 | X58: 4634 | Y58: 4634 | Z58: 4634 | AA58: 4634
A60: JML | C60: 103614295 | D60: 6506234 | E60: 6544228 | F60: 7230807 | G60: 7601634 | H60: 6649493 | I60: 7145878 | J60: 8442024 | K60: 8442024 | L60: 7155319 | M60: 7171501 | N60: 6985739 | O60: 7376108 | P60: 7005301 | Q60: 6648353 | R60: 6648353 | S60: 7152611 | T60: 7162055 | U60: 7154206 | V60: 7624592 | W60: 8086186 | X60: 2913684 | Y60: 2880584 | Z60: 8107881 | AA60: 6822159
A62: HABI BOLA
A63: DIGIPOS | B63: D 191 | C63: 1982593 | D63: 859813 | E63: 316698 | F63: 726088 | G63: 1074577 | H63: 1710418 | I63: 368700 | J63: 928282 | K63: 928282 | L63: 297171 | M63: 924953 | N63: 657737 | O63: 927729 | P63: 1423519 | Q63: 1938806 | R63: 1938806 | S63: 357394 | T63: 679187 | U63: 1017873 | V63: 7659 | W63: 1065569 | X63: 1239565 | Y63: 1239565 | Z63: 1888553 | AA63: 285115
A64: FASTPAY | B64: J 191 | C64: 873405 | D64: 67105 | E64: 60105 | F64: 355305 | G64: 492305 | H64: 548030 | I64: 732575 | J64: 75575 | K64: 75575 | L64: 230575 | M64: 99575 | N64: 310575 | O64: 395575 | P64: 412575 | Q64: 212474 | R64: 212474 | S64: 98649 | T64: 321649 | U64: 583049 | V64: 323824 | W64: 432874 | X64: 91374 | Y64: 91374 | Z64: 1405874 | AA64: 766174
A65: PEGADAIAN MAGDA | B65: Q 191 | C65: 159814 | D65: 159814 | E65: 159814 | F65: 159814 | G65: 159814 | H65: 159814 | I65: 159814 | J65: 159814 | K65: 159814 | L65: 159814 | M65: 159814 | N65: 159814 | O65: 159814 | P65: 159814 | Q65: 159814 | R65: 159814 | S65: 159814 | T65: 159814 | U65: 159814 | V65: 159814 | W65: 159814 | X65: 159814 | Y65: 159814 | Z65: 159814 | AA65: 159814
A66: BRIMO YOMAN | B66: X 191 | C66: 1036019 | D66: 1534493 | E66: 413493 | F66: 3715993 | G66: 1218493 | H66: 1520993 | I66: 2933493 | J66: 71993 | K66: 71993 | L66: 466993 | M66: 1013493 | N66: 3303493 | O66: 2288493 | P66: 3801493 | Q66: 2378993 | R66: 2378993 | S66: 941493 | T66: 2433993 | U66: 363493 | V66: 4043493 | W66: 649993 | X66: 52493 | Y66: 52493 | Z66: 458993 | AA66: 48991
A67: BNI | B67: AD 191 | C67: 33907 | D67: 33907 | E67: 33907 | F67: 33907 | G67: 33907 | H67: 33907 | I67: 33907 | J67: 33907 | K67: 33907 | L67: 33907 | M67: 33907 | N67: 33907 | O67: 33907 | P67: 33907 | Q67: 33907 | R67: 33907 | S67: 33907 | T67: 33907 | U67: 33907 | V67: 33907 | W67: 33907 | X67: 33907 | Y67: 33907 | Z67: 36907 | AA67: 36907
A68: BCA | B68: AJ 191 | C68: 27000 | D68: 27000 | E68: 27000 | F68: 27000 | G68: 27000 | H68: 27000 | I68: 27000 | J68: 27000 | K68: 27000 | L68: 27000 | M68: 27000 | N68: 27000 | O68: 27000 | P68: 27000 | Q68: 27000 | R68: 27000 | S68: 27000 | T68: 27000 | U68: 27000 | V68: 27000 | W68: 27000 | X68: 27000 | Y68: 27000 | Z68: 27000 | AA68: 27000
A69: MANDIRI | B69: AP 191 | C69: 34500 | D69: 34500 | E69: 34500 | F69: 34500 | G69: 34500 | H69: 34500 | I69: 34500 | J69: 34500 | K69: 34500 | L69: 34500 | M69: 34500 | N69: 34500 | O69: 34500 | P69: 34500 | Q69: 34500 | R69: 38500 | S69: 38500 | T69: 38500 | U69: 38500 | V69: 38500 | W69: 38500 | X69: 38500 | Y69: 38500 | Z69: 44500 | AA69: 44500
A70: NTT | B70: AV 191 | C70: 69862 | D70: 69862 | E70: 69862 | F70: 69862 | G70: 69862 | H70: 69862 | I70: 69862 | J70: 69862 | K70: 69862 | L70: 69862 | M70: 69862 | N70: 69862 | O70: 69862 | P70: 69862 | Q70: 69862 | R70: 69862 | S70: 69862 | T70: 69862 | U70: 69862 | V70: 69862 | W70: 69862 | X70: 69862 | Y70: 69862 | Z70: 69862 | AA70: 69862
A71: BRILINK | C71: 0 | D71: 0 | E71: 0 | F71: 0 | G71: 0 | H71: 0 | I71: 0 | J71: 0 | K71: 0 | L71: 0 | M71: 0 | N71: 0 | O71: 0 | P71: 0 | Q71: 0 | R71: 0 | S71: 0 | T71: 0 | U71: 0 | V71: 0 | W71: 0 | X71: 0 | Y71: 0 | Z71: 0 | AA71: 0
A73: JML | C73: 4217100 | D73: 2786494 | E73: 1115379 | F73: 5122469 | G73: 3110458 | H73: 4104524 | I73: 4359851 | J73: 1400933 | K73: 1400933 | L73: 1319822 | M73: 2363104 | N73: 4596888 | O73: 3936880 | P73: 5962670 | Q73: 4855356 | R73: 4859356 | S73: 1726619 | T73: 3763912 | U73: 2293498 | V73: 4704059 | W73: 2477519 | X73: 1712515 | Y73: 1712515 | Z73: 4091503 | AA73: 1438363
A77: WATUBLAPI
A78: BRI C1 469301000223502 | B78: V 190 | C78: 57800 | D78: 5000000 | E78: 5000000 | F78: 5000000 | G78: 5000000 | H78: 5000000 | I78: 5000000 | J78: 5000000 | K78: 5000000 | L78: 5000000 | M78: 5000000 | N78: 5000000 | O78: 5000000 | P78: 5000000 | Q78: 5000000 | R78: 5000000 | S78: 5000000 | T78: 5000000 | U78: 5000000 | V78: 5000000 | W78: 5000000 | X78: 94625 | Y78: 53775 | Z78: 5000000 | AA78: 5000000
A79: FASTPAY CHYKA | B79: J 190 | C79: 557463 | D79: 709713 | E79: 799688 | F79: 45688 | G79: 346988 | H79: 481763 | I79: 502763 | J79: 684313 | K79: 684313 | L79: 935813 | M79: 229813 | N79: 229813 | O79: 229813 | P79: 280813 | Q79: 34563 | R79: 34563 | S79: 34563 | T79: 182563 | U79: 284563 | V79: 284563 | W79: 335313 | X79: 87813 | Y79: 87813 | Z79: 87813 | AA79: 87813
A80: DIGIPOS | B80: E 190 | C80: 1095738 | D80: 835832 | E80: 224217 | F80: 750505 | G80: 1236188 | H80: 401194 | I80: 863079 | J80: 382956 | K80: 382956 | L80: 274345 | M80: 748029 | N80: 1312811 | O80: 258897 | P80: 1014879 | Q80: 311561 | R80: 386560 | S80: 864950 | T80: 1162140 | U80: 123429 | V80: 487220 | W80: 891009 | X80: 1235800 | Y80: 1235800 | Z80: 1420695 | AA80: 428188
A81: 3 SAKTI | B81: AA 190 | C81: 991397 | D81: 129042 | E81: 129042 | F81: 144742 | G81: 363442 | H81: 363442 | I81: 516062 | J81: 59562 | K81: 59562 | L81: 342307 | M81: 525897 | N81: 383597 | O81: 452977 | P81: 11677 | Q81: 170777 | R81: 235777 | S81: 235777 | T81: 295727 | U81: 349107 | V81: 406987 | W81: 510257 | X81: 132077 | Y81: 132077 | Z81: 239657 | AA81: 433127
A82: SIMPEL IM3 | B82: AG 190 | C82: 460400 | D82: 476400 | E82: 22400 | F82: 101900 | G82: 223900 | H82: 370900 | I82: 436400 | J82: 493400 | K82: 493400 | L82: 594900 | M82: 610900 | N82: 110900 | O82: 157600 | P82: 203100 | Q82: 203100 | R82: 203100 | S82: 248600 | T82: 313800 | U82: 313800 | V82: 313800 | W82: 339800 | X82: 339800 | Y82: 339800 | Z82: 400300 | AA82: 500800
A83: SIDOMPUL | B83: AW 190 | C83: 0 | D83: 0 | E83: 0 | F83: 0 | G83: 0 | H83: 0 | I83: 0 | J83: 0 | K83: 0 | L83: 0 | M83: 0 | N83: 0 | O83: 0 | P83: 0 | Q83: 0 | R83: 0 | S83: 0 | T83: 0 | U83: 0 | V83: 0 | W83: 0 | X83: 0 | Y83: 0 | Z83: 0 | AA83: 0
A84: PEGADAIAN | B84: AP 190 | C84: 452263 | D84: 452263 | E84: 452263 | F84: 452263 | G84: 452263 | H84: 452263 | I84: 452263 | J84: 452263 | K84: 452263 | L84: 452263 | M84: 452263 | N84: 452263 | O84: 452263 | P84: 452263 | Q84: 452263 | R84: 452263 | S84: 452263 | T84: 452263 | U84: 452263 | V84: 452263 | W84: 452263 | X84: 452263 | Y84: 452263 | Z84: 452263 | AA84: 452263
A86: JML | C86: 3615061 | D86: 7603250 | E86: 6627610 | F86: 6495098 | G86: 7622781 | H86: 7069562 | I86: 7770567 | J86: 7072494 | K86: 7072494 | L86: 7599628 | M86: 7566902 | N86: 7489384 | O86: 6551550 | P86: 6962732 | Q86: 6172264 | R86: 6312263 | S86: 6836153 | T86: 7406493 | U86: 6523162 | V86: 6944833 | W86: 7528642 | X86: 2342378 | Y86: 2301528 | Z86: 7600728 | AA86: 6902191
A89: CHYKA
A90: C2 '357201041984530 | B90: I 190 | C90: 265519 | D90: 35271422 | E90: 26692921 | F90: 12790121 | G90: 13790121 | H90: 5445171 | I90: 28595821 | J90: 4614321 | K90: 4825521 | L90: 2607521 | M90: 5687871 | N90: 3672871 | O90: 3584771 | P90: 6331271 | Q90: 7834271 | R90: 7735421 | S90: 4704921 | T90: 6304921 | U90: 2946036 | V90: 294036 | W90: 284036 | X90: 12784036 | Y90: 14163936 | Z90: 503236 | AA90: 6561736
A91: C3 '357201045150531 | B91: N 190 | C91: 17870 | D91: 17870 | E91: 17870 | F91: 17870 | G91: 17870 | H91: 17870 | I91: 17870 | J91: 17870 | K91: 17870 | L91: 17870 | M91: 17870 | N91: 17870 | O91: 17870 | P91: 39870 | Q91: 39870 | R91: 39870 | S91: 39870 | T91: 39870 | U91: 39870 | V91: 39870 | W91: 39870 | X91: 39870 | Y91: 39870 | Z91: 39870 | AA91: 50870
A92: ELREI JUNIOR | B92: S 190 | C92: 202777 | D92: 152777 | E92: 152777 | F92: 152777 | G92: 152777 | H92: 152777 | I92: 152777 | J92: 152777 | K92: 152777 | L92: 152777 | M92: 152777 | N92: 152777 | O92: 152777 | P92: 152777 | Q92: 152777 | R92: 152777 | S92: 152777 | T92: 152777 | U92: 152777 | V92: 152777 | W92: 152777 | X92: 152777 | Y92: 152777 | Z92: 152777 | AA92: 152777
A93: SANROY JUNIOR | B93: X 190 | C93: 152500 | D93: 152500 | E93: 152500 | F93: 152500 | G93: 152500 | H93: 152500 | I93: 152500 | J93: 152500 | K93: 152500 | L93: 152500 | M93: 152500 | N93: 152500 | O93: 152500 | P93: 152500 | Q93: 152500 | R93: 152500 | S93: 152500 | T93: 152500 | U93: 152500 | V93: 152500 | W93: 152500 | X93: 152500 | Y93: 152500 | Z93: 152500 | AA93: 102500
A94: BNI 1775419104 | B94: C 190 | C94: 29123 | D94: 29123 | E94: 29123 | F94: 29123 | G94: 29123 | H94: 9123 | I94: 9123 | J94: 9123 | K94: 9123 | L94: 9123 | M94: 9123 | N94: 9123 | O94: 9123 | P94: 9123 | Q94: 9123 | R94: 9123 | S94: 9123 | T94: 9123 | U94: 9123 | V94: 9123 | W94: 9123 | X94: 9123 | Y94: 29123 | Z94: 29123 | AA94: 29123
A95: BCA 6986050208 | B95: AH 190 | C95: 54222 | D95: 54222 | E95: 54222 | F95: 54222 | G95: 54222 | H95: 23222 | I95: 23222 | J95: 23222 | K95: 23222 | L95: 23222 | M95: 23222 | N95: 23222 | O95: 23222 | P95: 23222 | Q95: 23222 | R95: 23222 | S95: 23222 | T95: 23222 | U95: 23222 | V95: 23222 | W95: 23222 | X95: 23222 | Y95: 42222 | Z95: 42222 | AA95: 42222
A96: MANDIRI 1810003483006 | B96: AM 190 | C96: 29499 | D96: 29499 | E96: 29499 | F96: 29499 | G96: 29499 | H96: 29499 | I96: 29499 | J96: 29499 | K96: 29499 | L96: 29499 | M96: 29499 | N96: 29499 | O96: 35499 | P96: 35499 | Q96: 35499 | R96: 35499 | S96: 35499 | T96: 35499 | U96: 35499 | V96: 35499 | W96: 35499 | X96: 35499 | Y96: 41499 | Z96: 41499 | AA96: 41499
A97: DANA | C97: 0 | D97: 0 | E97: 0 | F97: 0 | G97: 0 | H97: 0 | I97: 0 | J97: 0 | K97: 0 | L97: 0 | M97: 0 | N97: 0 | O97: 0 | P97: 0 | Q97: 0 | R97: 0 | S97: 0 | T97: 0 | U97: 0 | V97: 0 | W97: 0 | X97: 0 | Y97: 0 | Z97: 0 | AA97: 0
A98: OVO | C98: 0 | D98: 0 | E98: 0 | F98: 0 | G98: 0 | H98: 0 | I98: 0 | J98: 0 | K98: 0 | L98: 0 | M98: 0 | N98: 0 | O98: 0 | P98: 0 | Q98: 0 | R98: 0 | S98: 0 | T98: 0 | U98: 0 | V98: 0 | W98: 0 | X98: 0 | Y98: 0 | Z98: 0 | AA98: 0
A99: LINKAJA | C99: 5000 | D99: 5000 | E99: 5000 | F99: 5000 | G99: 5000 | H99: 5000 | I99: 5000 | J99: 5000 | K99: 5000 | L99: 5000 | M99: 5000 | N99: 5000 | O99: 5000 | P99: 5000 | Q99: 5000 | R99: 5000 | S99: 5000 | T99: 5000 | U99: 5000 | V99: 5000 | W99: 5000 | X99: 5000 | Y99: 5000 | Z99: 5000 | AA99: 5000
A100: REK MEKAR MAGDA | C100: 50000 | D100: 50000 | E100: 50000 | F100: 50000 | G100: 50000 | H100: 0 | I100: 0 | J100: 0 | K100: 0 | L100: 0 | M100: 0 | N100: 0 | O100: 0 | P100: 0 | Q100: 0 | R100: 0 | S100: 0 | T100: 0 | U100: 0 | V100: 0 | W100: 0 | X100: 0 | Y100: 0 | Z100: 0 | AA100: 0
A101: REK MEKAR NARTI | C101: 8000 | D101: 8000 | E101: 8000 | F101: 8000 | G101: 8000 | H101: 8000 | I101: 8000 | J101: 8000 | K101: 8000 | L101: 8000 | M101: 8000 | N101: 8000 | O101: 8000 | P101: 8000 | Q101: 8000 | R101: 8000 | S101: 8000 | T101: 8000 | U101: 8000 | V101: 8000 | W101: 8000 | X101: 8000 | Y101: 8000 | Z101: 8000 | AA101: 8000
A102: REK TANI MAMA | C102: 3845 | D102: 3845 | E102: 3845 | F102: 3845 | G102: 3845 | H102: 3845 | I102: 3845 | J102: 3845 | K102: 3845 | L102: 3845 | M102: 3845 | N102: 3845 | O102: 3845 | P102: 3845 | Q102: 3845 | R102: 3845 | S102: 3845 | T102: 3845 | U102: 3845 | V102: 3845 | W102: 3845 | X102: 3845 | Y102: 3845 | Z102: 3845 | AA102: 3845
A103: REK KIP REI | C103: 3500 | D103: 3500 | E103: 3500 | F103: 3500 | G103: 3500 | H103: 3500 | I103: 3500 | J103: 3500 | K103: 3500 | L103: 3500 | M103: 3500 | N103: 3500 | O103: 3500 | P103: 3500 | Q103: 3500 | R103: 3500 | S103: 3500 | T103: 3500 | U103: 3500 | V103: 3500 | W103: 3500 | X103: 3500 | Y103: 3500 | Z103: 3500 | AA103: 3500
A104: REK BAPA NEBE | C104: 0 | D104: 0 | E104: 0 | F104: 0 | G104: 0 | H104: 0 | I104: 0 | J104: 0 | K104: 0 | L104: 0 | M104: 0 | N104: 0 | O104: 0 | P104: 0 | Q104: 0 | R104: 0 | S104: 0 | T104: 0 | U104: 0 | V104: 0 | W104: 0 | X104: 0 | Y104: 0 | Z104: 0 | AA104: 0
C106: 821855 | D106: 35777758 | E106: 27199257 | F106: 13296457 | G106: 14296457 | H106: 5850507 | I106: 29001157 | J106: 5019657 | K106: 5230857 | L106: 3012857 | M106: 6093207 | N106: 4078207 | O106: 3996107 | P106: 6764607 | Q106: 8267607 | R106: 8168757 | S106: 5138257 | T106: 6738257 | U106: 3379372 | V106: 727372 | W106: 717372 | X106: 13217372 | Y106: 14642272 | Z106: 981572 | AA106: 7001072
A109: THYAND
A110: T2 '357201019274503 | B110: AC 190 | C110: 65302169 | D110: 109865141 | E110: 85428991 | F110: 130279546 | G110: 18714232 | H110: 30784882 | I110: 9249359 | J110: 87570875 | K110: 78610680 | L110: 141805283 | M110: 69092682 | N110: 70843432 | O110: 23350332 | P110: 35932582 | Q110: 34809235 | R110: 36298185 | S110: 25752335 | T110: 10454899 | U110: 60554953 | V110: 49173369 | W110: 58278470 | X110: 80409786 | Y110: 80109786 | Z110: 19849786 | AA110: 75278621
A111: DANA | C111: 5 | D111: 5 | E111: 5 | F111: 5 | G111: 5 | H111: 5 | I111: 5 | J111: 5 | K111: 5 | L111: 5 | M111: 5 | N111: 5 | O111: 5 | P111: 5 | Q111: 5 | R111: 5 | S111: 5 | T111: 5 | U111: 5 | V111: 5 | W111: 5 | X111: 5 | Y111: 5 | Z111: 5 | AA111: 5
A112: OVO | C112: 3148 | D112: 3148 | E112: 3148 | F112: 3148 | G112: 3148 | H112: 3148 | I112: 3148 | J112: 3148 | K112: 3148 | L112: 3148 | M112: 3148 | N112: 3148 | O112: 3148 | P112: 3148 | Q112: 3148 | R112: 3148 | S112: 3148 | T112: 3148 | U112: 3148 | V112: 3148 | W112: 3148 | X112: 3148 | Y112: 3148 | Z112: 3148 | AA112: 3148
A113: LINKAJA | C113: 149 | D113: 149 | E113: 149 | F113: 149 | G113: 149 | H113: 149 | I113: 149 | J113: 149 | K113: 149 | L113: 149 | M113: 149 | N113: 149 | O113: 149 | P113: 149 | Q113: 149 | R113: 149 | S113: 149 | T113: 149 | U113: 149 | V113: 149 | W113: 149 | X113: 149 | Y113: 149 | Z113: 149 | AA113: 149
A114: MOFJEK | C114: 250000 | D114: 250000 | E114: 250000 | F114: 250000 | G114: 250000 | H114: 250000 | I114: 250000 | J114: 250000 | K114: 250000 | L114: 250000 | M114: 250000 | N114: 250000 | O114: 250000 | P114: 250000 | Q114: 250000 | R114: 250000 | S114: 250000 | T114: 250000 | U114: 250000 | V114: 250000 | W114: 250000 | X114: 250000 | Y114: 250000 | Z114: 250000 | AA114: 250000
C116: 65555471 | D116: 110118443 | E116: 85682293 | F116: 130532848 | G116: 18967534 | H116: 31038184 | I116: 9502661 | J116: 87824177 | K116: 78863982 | L116: 142058585 | M116: 69345984 | N116: 71096734 | O116: 23603634 | P116: 36185884 | Q116: 35062537 | R116: 36551487 | S116: 26005637 | T116: 10708201 | U116: 60808255 | V116: 49426671 | W116: 58531772 | X116: 80663088 | Y116: 80363088 | Z116: 20103088 | AA116: 75531923
A119: TOTAL SALDO | C119: 281565927 | D119: 170065678 | E119: 134602979 | F119: 171406537 | G119: 60812098 | H119: 63040746 | I119: 140219132 | J119: 117401292 | K119: 109085892 | L119: 168049251 | M119: 99520728 | N119: 101451081 | O119: 53568416 | P119: 71058645 | Q119: 67299909 | R119: 69248047 | S119: 54093678 | T119: 43867131 | U119: 87951699 | V119: 75838824 | W119: 84314791 | X119: 103306899 | Y119: 104330248 | Z119: 49242540 | AA119: 104490428
A123: TOTAL UANG + SALDO | C123: 317392927 | D123: 300386678 | E123: 298664979 | F123: 300241537 | G123: 225466098 | H123: 224363246 | I123: 296477132 | J123: 294660292 | K123: 296797892 | L123: 298068751 | M123: 294458728 | N123: 293950081 | O123: 217041416 | P123: 215802645 | Q123: 215630409 | R123: 214800047 | S123: 213808178 | T123: 215480131 | U123: 214617199 | V123: 215746324 | W123: 217276291 | X123: 216046399 | Y123: 217269748 | Z123: 213301040 | AA123: 214964928
A125: PIUTANG
A127: WIN YENI | C127: 5000000 | D127: 5000000 | E127: 5000000 | F127: 5000000 | G127: 5000000 | H127: 5000000 | I127: 5000000 | J127: 5000000 | K127: 5000000 | L127: 5000000 | M127: 5000000 | N127: 5000000 | O127: 5000000 | P127: 5000000 | Q127: 5000000 | R127: 5000000 | S127: 5000000 | T127: 5000000 | U127: 5000000 | V127: 5000000 | W127: 5000000 | X127: 5000000 | Y127: 5000000 | Z127: 5000000 | AA127: 5000000
A128: HILDE AMOS | C128: 679000 | D128: 679000 | E128: 679000 | F128: 679000 | G128: 679000 | H128: 679000 | I128: 679000 | J128: 679000 | K128: 679000 | L128: 679000 | M128: 679000 | N128: 679000 | O128: 679000 | P128: 679000 | Q128: 679000 | R128: 679000 | S128: 679000 | T128: 679000 | U128: 679000 | V128: 679000 | W128: 679000 | X128: 679000 | Y128: 679000 | Z128: 679000 | AA128: 679000
A129: HILDE BARU | C129: 200000 | D129: 200000 | E129: 200000 | F129: 200000 | G129: 200000 | H129: 200000 | I129: 200000 | J129: 200000 | K129: 200000 | L129: 200000 | M129: 200000 | N129: 200000 | O129: 200000 | P129: 200000 | Q129: 200000 | R129: 200000 | S129: 200000 | T129: 200000 | U129: 200000 | V129: 200000 | W129: 200000 | X129: 200000 | Y129: 200000 | Z129: 200000 | AA129: 200000
A130: OBING | C130: 55000 | D130: 55000 | E130: 55000 | F130: 55000 | G130: 55000 | H130: 55000 | I130: 55000 | J130: 55000 | K130: 55000 | L130: 55000 | M130: 55000 | N130: 55000 | O130: 55000 | P130: 55000 | Q130: 55000 | R130: 55000 | S130: 55000 | T130: 55000 | U130: 55000 | V130: 55000 | W130: 55000 | X130: 55000 | Y130: 55000 | Z130: 55000 | AA130: 55000
...

Sheet MEI
A1: KETERANGAN EDIT : | B1: WARNA
C3: 31 MEI | D3: 30 MEI | E3: 29 MEI | F3: 28 MEI | G3: 27 MEI | H3: 26 MEI | I3: 25 MEI | J3: 23 - 24 MEI | K3: 22 MEI | L3: 21 MEI | M3: 18 - 20 MEI | N3: 17 MEI | O3: 16 MEI | P3: 15 MEI | Q3: 14 MEI | R3: 13 MEI | S3: 12 MEI | T3: 11 MEI | U3: 8 - 10 MEI | V3: 7 MEI | W3: 6 MEI | X3: 5 MEI | Y3: 4 MEI | Z3: 3 MEI | AA3: 2 MEI | AB3: 1 MEI | AC3: 28 - 30 APRIL
C4: MINGGU | D4: SABTU | E4: JUMAT | F4: KAMIS | G4: RABU | H4: SELASA | I4: SENIN | J4: SABTU - MINGGU | K4: JUMAT | L4: KAMIS | M4: SENIN - RABU | N4: MINGGU | O4: SABTU | P4: JUMAT | Q4: KAMIS | R4: RABU | S4: SELASA | T4: SENIN | U4: JUMAT - MINGGU | V4: KAMIS | W4: RABU | X4: SELASA | Y4: SENIN | Z4: MINGGU | AA4: SABTU | AB4: JUMAT | AC4: SELASA - KAMIS
A6: KIOS
A7: UANG KECIL
A8: UANG ROBEK | C8: 282000 | D8: 282000 | E8: 282000 | F8: 282000 | G8: 282000 | H8: 282000 | I8: 282000 | J8: 282000 | K8: 282000 | L8: 282000 | M8: 282000 | N8: 282000 | O8: 282000 | P8: 282000 | Q8: 282000 | R8: 282000 | S8: 282000 | T8: 282000 | U8: 273000 | V8: 273000 | W8: 271000 | X8: 271000 | Y8: 266000 | Z8: 266000 | AA8: 266000 | AB8: 266000 | AC8: 266000
A9: UANG KOIN TABUNG | C9: 1480000 | D9: 1480000 | E9: 1480000 | F9: 1480000 | G9: 1480000 | H9: 1480000 | I9: 1480000 | J9: 1480000 | K9: 1480000 | L9: 1480000 | M9: 1480000 | N9: 1480000 | O9: 1480000 | P9: 1480000 | Q9: 1480000 | R9: 1480000 | S9: 1480000 | T9: 1480000 | U9: 1480000 | V9: 1480000 | W9: 1480000 | X9: 1480000 | Y9: 1480000 | Z9: 1480000 | AA9: 1480000 | AB9: 1480000 | AC9: 1480000
A10: KOIN 500 | C10: 0 | D10: 0 | E10: 0 | F10: 0 | G10: 0 | H10: 0 | I10: 0 | J10: 0 | K10: 0 | L10: 0 | M10: 0 | N10: 0 | O10: 0 | P10: 0 | Q10: 0 | R10: 0 | S10: 0 | T10: 0 | U10: 0 | V10: 0 | W10: 0 | X10: 0 | Y10: 0 | Z10: 0 | AA10: 0 | AB10: 0 | AC10: 0
A11: KOIN 1000 | C11: 0 | D11: 0 | E11: 0 | F11: 0 | G11: 0 | H11: 0 | I11: 0 | J11: 0 | K11: 0 | L11: 0 | M11: 0 | N11: 0 | O11: 0 | P11: 0 | Q11: 0 | R11: 0 | S11: 0 | T11: 0 | U11: 0 | V11: 0 | W11: 0 | X11: 0 | Y11: 0 | Z11: 0 | AA11: 0 | AB11: 0 | AC11: 0
A12: 1000
A13: 2000 | C13: 0 | D13: 0 | E13: 0 | F13: 0 | G13: 0 | H13: 0 | I13: 0 | J13: 0 | K13: 0 | L13: 0 | M13: 0 | N13: 0 | O13: 0 | P13: 0 | Q13: 0 | R13: 0 | S13: 0 | T13: 0 | U13: 0 | V13: 0 | W13: 0 | X13: 0 | Y13: 0 | Z13: 0 | AA13: 0 | AB13: 0 | AC13: 0
A14: 5000
A15: 10000 | C15: 0 | D15: 0 | E15: 0 | F15: 0 | G15: 0 | H15: 0 | I15: 0 | J15: 0 | K15: 0 | L15: 0 | M15: 0 | N15: 0 | O15: 0 | P15: 0 | Q15: 0 | R15: 0 | S15: 0 | T15: 0 | U15: 0 | V15: 0 | W15: 0 | X15: 0 | Y15: 0 | Z15: 0 | AA15: 0 | AB15: 0 | AC15: 0
A16: 20000 | C16: 0 | D16: 0 | E16: 0 | F16: 0 | G16: 0 | H16: 0 | I16: 0 | J16: 0 | K16: 0 | L16: 0 | M16: 0 | N16: 0 | O16: 0 | P16: 0 | Q16: 0 | R16: 0 | S16: 0 | T16: 0 | U16: 0 | V16: 0 | W16: 0 | X16: 0 | Y16: 0 | Z16: 0 | AA16: 0 | AB16: 0 | AC16: 0
A17: 50000 | C17: 0 | D17: 0 | E17: 0 | F17: 0 | G17: 0 | H17: 0 | I17: 0 | J17: 0 | K17: 0 | L17: 0 | M17: 0 | N17: 0 | O17: 0 | P17: 0 | Q17: 0 | R17: 0 | S17: 0 | T17: 0 | U17: 0 | V17: 0 | W17: 0 | X17: 0 | Y17: 0 | Z17: 0 | AA17: 0 | AB17: 0 | AC17: 0
A18: 100000 | C18: 0 | D18: 0 | E18: 0 | F18: 0 | G18: 0 | H18: 0 | I18: 0 | J18: 0 | K18: 0 | L18: 0 | M18: 0 | N18: 0 | O18: 0 | P18: 0 | Q18: 0 | R18: 0 | S18: 0 | T18: 0 | U18: 0 | V18: 0 | W18: 0 | X18: 0 | Y18: 0 | Z18: 0 | AA18: 0 | AB18: 0 | AC18: 0
C19: 1762000 | D19: 1762000 | E19: 1762000 | F19: 1762000 | G19: 1762000 | H19: 1762000 | I19: 1762000 | J19: 1762000 | K19: 1762000 | L19: 1762000 | M19: 1762000 | N19: 1762000 | O19: 1762000 | P19: 1762000 | Q19: 1762000 | R19: 1762000 | S19: 1762000 | T19: 1762000 | U19: 1753000 | V19: 1753000 | W19: 1751000 | X19: 1751000 | Y19: 1746000 | Z19: 1746000 | AA19: 1746000 | AB19: 1746000 | AC19: 1746000
A22: UANG TUNAI | C22: 181575000 | D22: 163581000 | E22: 155654000 | F22: 182382000 | G22: 139345000 | H22: 244345000 | I22: 222076000 | J22: 101750000 | K22: 229200000 | L22: 33755000 | M22: 103400000 | N22: 188500000 | O22: 195000000 | P22: 225304000 | Q22: 227600000 | R22: 199050000 | S22: 159600000 | T22: 165650000 | U22: 189000000 | V22: 141000000 | W22: 155678000 | X22: 197400000 | Y22: 145500000 | Z22: 167850000 | AA22: 172100000 | AB22: 129550000 | AC22: 34069000
A23: UANG KECIL | C23: 0 | D23: 0 | E23: 0 | F23: 0 | G23: 0 | H23: 0 | I23: 0 | J23: 0 | K23: 0 | L23: 0 | M23: 0 | N23: 0 | O23: 0 | P23: 0 | Q23: 0 | R23: 0 | S23: 0 | T23: 0 | U23: 0 | V23: 0 | W23: 0 | X23: 0 | Y23: 0 | Z23: 0 | AA23: 0 | AB23: 0 | AC23: 0
A24: MODAL KIOS | C24: 72000 | D24: 42000 | E24: 30000 | F24: 26000 | G24: 18000 | H24: 20000 | I24: 16000 | J24: 16500 | K24: 25500 | L24: 17500 | M24: 17500 | N24: 31000 | O24: 17500 | P24: 0 | Q24: 20000 | R24: 10000 | S24: 72000 | T24: 23000 | U24: 21500 | V24: 26000 | W24: 34000 | X24: 76000 | Y24: 86000 | Z24: 15000 | AA24: 22000 | AB24: 15000 | AC24: 12000
A25: AGEN BAOMEKOT | C25: 0 | D25: 0 | E25: 0 | F25: 0 | G25: 0 | H25: 0 | I25: 0 | J25: 0 | K25: 0 | L25: 0 | M25: 3480000 | N25: 0 | O25: 0 | P25: 0 | Q25: 0 | R25: 0 | S25: 0 | T25: 0 | U25: 0 | V25: 0 | W25: 0 | X25: 0 | Y25: 0 | Z25: 0 | AA25: 0 | AB25: 0 | AC25: 0
A26: AGEN SIKU EHA | C26: 0 | D26: 0 | E26: 0 | F26: 0 | G26: 0 | H26: 0 | I26: 0 | J26: 0 | K26: 0 | L26: 0 | M26: 14827000 | N26: 0 | O26: 0 | P26: 0 | Q26: 0 | R26: 0 | S26: 0 | T26: 0 | U26: 0 | V26: 0 | W26: 0 | X26: 0 | Y26: 0 | Z26: 0 | AA26: 0 | AB26: 0 | AC26: 0
A27: AGEN WATUBLAPI | C27: 0 | D27: 0 | E27: 0 | F27: 0 | G27: 0 | H27: 0 | I27: 0 | J27: 0 | K27: 0 | L27: 0 | M27: 20562000 | N27: 0 | O27: 0 | P27: 0 | Q27: 0 | R27: 0 | S27: 0 | T27: 0 | U27: 0 | V27: 0 | W27: 0 | X27: 0 | Y27: 0 | Z27: 0 | AA27: 0 | AB27: 0 | AC27: 0
A28: AGEN HABIBOLA | C28: 0 | D28: 0 | E28: 15977000 | F28: 0 | G28: 23664000 | H28: 16471000 | I28: 24451000 | J28: 0 | K28: 28435000 | L28: 24471000 | M28: 5529000 | N28: 0 | O28: 0 | P28: 21494000 | Q28: 19958000 | R28: 13503000 | S28: 0 | T28: 7774000 | U28: 0 | V28: 9979000 | W28: 15155000 | X28: 0 | Y28: 4365000 | Z28: 0 | AA28: 0 | AB28: 21528000 | AC28: 0
A29: DOMPET CIKA | C29: 8962000 | D29: 43744000 | E29: 43744000 | F29: 0 | G29: 81685000 | H29: 0 | I29: 0 | J29: 0 | K29: 0 | L29: 0 | M29: 0 | N29: 4049000 | O29: 500000 | P29: 500000 | Q29: 500000 | R29: 500000 | S29: 0 | T29: 0 | U29: 0 | V29: 0 | W29: 0 | X29: 0 | Y29: 0 | Z29: 0 | AA29: 0 | AB29: 0 | AC29: 0
A30: DOMPET SET | C30: 0 | D30: 0 | E30: 0 | F30: 0 | G30: 0 | H30: 0 | I30: 0 | J30: 142701000 | K30: 0 | L30: 0 | M30: 225000 | N30: 860000 | O30: 860000 | P30: 0 | Q30: 0 | R30: 0 | S30: 0 | T30: 0 | U30: 0 | V30: 0 | W30: 0 | X30: 0 | Y30: 0 | Z30: 0 | AA30: 0 | AB30: 0 | AC30: 0
C31: 190609000 | D31: 207367000 | E31: 215405000 | F31: 182408000 | G31: 244712000 | H31: 260836000 | I31: 246543000 | J31: 244467500 | K31: 257660500 | L31: 58243500 | M31: 148040500 | N31: 193440000 | O31: 196377500 | P31: 247298000 | Q31: 248078000 | R31: 213063000 | S31: 159672000 | T31: 173447000 | U31: 189021500 | V31: 151005000 | W31: 170867000 | X31: 197476000 | Y31: 149951000 | Z31: 167865000 | AA31: 172122000 | AB31: 151093000 | AC31: 34081000
A33: TOTAL UANG | C33: 192371000 | D33: 209129000 | E33: 217167000 | F33: 184170000 | G33: 246474000 | H33: 262598000 | I33: 248305000 | J33: 246229500 | K33: 259422500 | L33: 60005500 | M33: 149802500 | N33: 195202000 | O33: 198139500 | P33: 249060000 | Q33: 249840000 | R33: 214825000 | S33: 161434000 | T33: 175209000 | U33: 190774500 | V33: 152758000 | W33: 172618000 | X33: 199227000 | Y33: 151697000 | Z33: 169611000 | AA33: 173868000 | AB33: 152839000 | AC33: 35827000
A36: BAOMEKOT
A38: BRI 357201028758536 | B38: V 190 | C38: 26559510 | D38: 5000000 | E38: 5000001 | F38: 5000001 | G38: 5000001 | H38: 5000001 | I38: 5000001 | J38: 5000001 | K38: 5000001 | L38: 5000001 | M38: 5000001 | N38: 5000001 | O38: 5000001 | P38: 5000000 | Q38: 5000000 | R38: 5000000 | S38: 5000000 | T38: 5000000 | U38: 5000000 | V38: 5000000 | W38: 4796000 | X38: 5000000 | Y38: 5000000 | Z38: 5000000 | AA38: 5000000 | AB38: 5000000 | AC38: 100000000
A39: FASTPAY THYAND | B39: K 190 | C39: 974126 | D39: 966476 | E39: 1017476 | F39: 1038476 | G39: 303476 | H39: 415926 | I39: 462026 | J39: 325776 | K39: 673226 | L39: 202652 | M39: 202652 | N39: 211102 | O39: 211102 | P39: 458902 | Q39: 464977 | R39: 647727 | S39: 914577 | T39: 1065327 | U39: 1761077 | V39: 457627 | W39: 909627 | X39: 136627 | Y39: 408347 | Z39: 458872 | AA39: 458872 | AB39: 458872 | AC39: 458872
A40: DIGIPOS | B40: E 190 | C40: 869552 | D40: 1227867 | E40: 1501655 | F40: 1926348 | G40: 300842 | H40: 524333 | I40: 757126 | J40: 1146911 | K40: 143136 | L40: 569225 | M40: 1060114 | N40: 337087 | O40: 638477 | P40: 119163 | Q40: 481450 | R40: 914138 | S40: 570625 | T40: 845415 | U40: 1153805 | V40: 1952981 | W40: 612162 | X40: 1159349 | Y40: 54138 | Z40: 320530 | AA40: 672621 | AB40: 966907 | AC40: 1265195
A41: 3 SAKTI | B41: AB 190 | C41: 160153 | D41: 235353 | E41: 442768 | F41: 603593 | G41: 643293 | H41: 674293 | I41: 707293 | J41: 740543 | K41: 1039918 | L41: 117918 | M41: 306118 | N41: 652108 | O41: 793908 | P41: 810908 | Q41: 916428 | R41: 14258 | S41: 31758 | T41: 284808 | U41: 410508 | V41: 658688 | W41: 744488 | X41: 790808 | Y41: 1036708 | Z41: 62128 | AA41: 272508 | AB41: 522008 | AC41: 808588
A42: SIMPEL IM3 | B42: AH 190 | C42: 324720 | D42: 337920 | E42: 401920 | F42: 425420 | G42: 442920 | H42: 442920 | I42: 442920 | J42: 442920 | K42: 540520 | L42: 540520 | M42: 623120 | N42: 211620 | O42: 235120 | P42: 252620 | Q42: 354620 | R42: 389870 | S42: 502870 | T42: 526370 | U42: 570870 | V42: 694470 | W42: 694470 | X42: 725170 | Y42: 225170 | Z42: 225170 | AA42: 225170 | AB42: 288670 | AC42: 335170
A43: SIDOMPUL | B43: BB 190 | C43: 0 | D43: 0 | E43: 0 | F43: 0 | G43: 0 | H43: 0 | I43: 0 | J43: 0 | K43: 0 | L43: 0 | M43: 0 | N43: 0 | O43: 0 | P43: 0 | Q43: 0 | R43: 0 | S43: 0 | T43: 0 | U43: 0 | V43: 0 | W43: 0 | X43: 0 | Y43: 0 | Z43: 0 | AA43: 0 | AB43: 0 | AC43: 0
A44: PEGADAIAN | B44: AQ 190 | C44: 220337 | D44: 217900 | E44: 257263 | F44: 742763 | G44: 742763 | H44: 742763 | I44: 742763 | J44: 742763 | K44: 740326 | L44: 283026 | M44: 278152 | N44: 1127478 | O44: 1257378 | P44: 1257378 | Q44: 257378 | R44: 257378 | S44: 247630 | T44: 568230 | U44: 568230 | V44: 995119 | W44: 992682 | X44: 410382 | Y44: 410382 | Z44: 410382 | AA44: 405508 | AB44: 850608 | AC44: 848171
A45: PORTAL PULSA | C45: 4149 | D45: 4149 | E45: 4149 | F45: 4149 | G45: 4149 | H45: 4149 | I45: 4149 | J45: 4149 | K45: 4149 | L45: 4149 | M45: 4149 | N45: 4149 | O45: 4149 | P45: 4149 | Q45: 4149 | R45: 4149 | S45: 4149 | T45: 4149 | U45: 4149 | V45: 4149 | W45: 4149 | X45: 4149 | Y45: 4149 | Z45: 4149 | AA45: 4149 | AB45: 4149 | AC45: 4149
A46: POSPAY | C46: 22000 | D46: 22000 | E46: 22000 | F46: 22000 | G46: 22000 | H46: 22000 | I46: 22000 | J46: 22000 | K46: 22000 | L46: 22000 | M46: 22000 | N46: 22000 | O46: 22000 | P46: 22000 | Q46: 22000 | R46: 22000 | S46: 22000 | T46: 22000 | U46: 22000 | V46: 22000 | W46: 22000 | X46: 22000 | Y46: 22000 | Z46: 22000 | AA46: 22000 | AB46: 22000 | AC46: 22000
A48: JML | C48: 29134547 | D48: 8011665 | E48: 8647232 | F48: 9762750 | G48: 7459444 | H48: 7826385 | I48: 8138278 | J48: 8425063 | K48: 8163276 | L48: 6739491 | M48: 7496306 | N48: 7565545 | O48: 8162135 | P48: 7925120 | Q48: 7501002 | R48: 7249520 | S48: 7293609 | T48: 8316299 | U48: 9490639 | V48: 9785034 | W48: 8775578 | X48: 8248485 | Y48: 7160894 | Z48: 6503231 | AA48: 7060828 | AB48: 8113214 | AC48: 103742145
A50: SIKU
A51: BRI C1 469301000223502 | B51: Y 190 | C51: 5079980 | D51: 5000000 | E51: 5000000 | F51: 5000000 | G51: 5000000 | H51: 5000000 | I51: 5000000 | J51: 5000000 | K51: 5000000 | L51: 5000000 | M51: 5000000 | N51: 4990000 | O51: 5000000 | P51: 5000000 | Q51: 2749000 | R51: 5000000 | S51: 5000000 | T51: 5000000 | U51: 35289550 | V51: 5000000 | W51: 5000000 | X51: 5000000 | Y51: 5000000 | Z51: 5000000 | AA51: 5000000 | AB51: 5000000 | AC51: 100000000
A52: FASTPAY CHYKA | B52: M 190 | C52: 356725 | D52: 334725 | E52: 390943 | F52: 832468 | G52: 414443 | H52: 440368 | I52: 440368 | J52: 440368 | K52: 440368 | L52: 440368 | M52: 440368 | N52: 440368 | O52: 440368 | P52: 440368 | Q52: 451143 | R52: 879143 | S52: 93643 | T52: 294643 | U52: 520643 | V52: 22643 | W52: 22643 | X52: 73643 | Y52: 73643 | Z52: 73643 | AA52: 73643 | AB52: 256493 | AC52: 299537
A53: DIGIPOS | B53: H 190 | C53: 1013066 | D53: 762816 | E53: 489959 | F53: 892252 | G53: 1151445 | H53: 1697434 | I53: 1888428 | J53: 307615 | K53: 691807 | L53: 291690 | M53: 827576 | N53: 815538 | O53: 815538 | P53: 243227 | Q53: 467418 | R53: 693713 | S53: 1197904 | T53: 1410194 | U53: 228577 | V53: 462051 | W53: 893145 | X53: 1213836 | Y53: 103429 | Z53: 414719 | AA53: 414719 | AB53: 919804 | AC53: 1487990
A54: 3 SAKTI | B54: AD 190 | C54: 674940 | D54: 674940 | E54: 780660 | F54: 801360 | G54: 801360 | H54: 801360 | I54: 956360 | J54: 979860 | K54: 992860 | L54: 1033860 | M54: 1143210 | N54: 1275110 | O54: 1275110 | P54: 1322990 | Q54: 1345490 | R54: 345490 | S54: 374630 | T54: 552580 | U54: 583580 | V54: 662420 | W54: 746960 | X54: 840850 | Y54: 962950 | Z54: 1026430 | AA54: 1026430 | AB54: 1115430 | AC54: 1115430
A55: SIMPEL IM3 | B55: AJ 190 | C55: 395683 | D55: 395683 | E55: 395683 | F55: 395683 | G55: 395683 | H55: 395683 | I55: 395683 | J55: 395683 | K55: 408883 | L55: 509383 | M55: 9383 | N55: 149883 | O55: 149883 | P55: 149883 | Q55: 165883 | R55: 165883 | S55: 165883 | T55: 165883 | U55: 212383 | V55: 305383 | W55: 305383 | X55: 318583 | Y55: 318583 | Z55: 379083 | AA55: 379083 | AB55: 441833 | AC55: 497833
A56: SIDOMPUL | B56: AZ 190 | C56: 0 | D56: 0 | E56: 0 | F56: 0 | G56: 0 | H56: 0 | I56: 0 | J56: 0 | K56: 0 | L56: 0 | M56: 0 | N56: 0 | O56: 0 | P56: 0 | Q56: 0 | R56: 0 | S56: 0 | T56: 0 | U56: 0 | V56: 0 | W56: 0 | X56: 0 | Y56: 0 | Z56: 0 | AA56: 0 | AB56: 0 | AC56: 0
A57: PEGADAIAN | B57: AS 190 | C57: 208871 | D57: 208871 | E57: 208871 | F57: 208871 | G57: 208871 | H57: 208871 | I57: 208871 | J57: 208871 | K57: 208871 | L57: 208871 | M57: 208871 | N57: 208871 | O57: 208871 | P57: 208871 | Q57: 208871 | R57: 208871 | S57: 208871 | T57: 208871 | U57: 208871 | V57: 208871 | W57: 208871 | X57: 208871 | Y57: 208871 | Z57: 208871 | AA57: 208871 | AB57: 208871 | AC57: 208871
A58: DIGIPOS FINPAY | C58: 4634 | D58: 4634 | E58: 4634 | F58: 4634 | G58: 4634 | H58: 4634 | I58: 4634 | J58: 4634 | K58: 4634 | L58: 4634 | M58: 4634 | N58: 4634 | O58: 4634 | P58: 4634 | Q58: 4634 | R58: 4634 | S58: 4634 | T58: 4634 | U58: 4634 | V58: 4634 | W58: 4634 | X58: 4634 | Y58: 4634 | Z58: 4634 | AA58: 4634 | AB58: 4634 | AC58: 4634
A60: JML | C60: 7733899 | D60: 7381669 | E60: 7270750 | F60: 8135268 | G60: 7976436 | H60: 8548350 | I60: 8894344 | J60: 7337031 | K60: 7747423 | L60: 7488806 | M60: 7634042 | N60: 7884404 | O60: 7894404 | P60: 7369973 | Q60: 5392439 | R60: 7297734 | S60: 7045565 | T60: 7636805 | U60: 37048238 | V60: 6666002 | W60: 7181636 | X60: 7660417 | Y60: 6672110 | Z60: 7107380 | AA60: 7107380 | AB60: 7947065 | AC60: 103614295
A62: HABI BOLA
A63: DIGIPOS | B63: D 191 | C63: 379666 | D63: 122016 | E63: 381407 | F63: 1048890 | G63: 1358679 | H63: 43058 | I63: 323447 | J63: 1128830 | K63: 1790014 | L63: 483211 | M63: 628630 | N63: 636770 | O63: 636770 | P63: 168359 | Q63: 622049 | R63: 1300337 | S63: 1634226 | T63: 75610 | U63: 608893 | V63: 803967 | W63: 1434457 | X63: 1980041 | Y63: 588631 | Z63: 1166915 | AA63: 1166915 | AB63: 1563203 | AC63: 1982593
A64: FASTPAY | B64: J 191 | C64: 1068894 | D64: 159894 | E64: 257894 | F64: 1330394 | G64: 2903394 | H64: 1103394 | I64: 379394 | J64: 10294 | K64: 2066294 | L64: 326294 | M64: 677461 | N64: 36361 | O64: 36361 | P64: 3869861 | Q64: 502861 | R64: 85861 | S64: 572861 | T64: 432861 | U64: 24761 | V64: 1126161 | W64: 110260 | X64: 24910 | Y64: 328910 | Z64: 1410 | AA64: 1410 | AB64: 469905 | AC64: 873405
A65: PEGADAIAN MAGDA | B65: Q 191 | C65: 159814 | D65: 159814 | E65: 159814 | F65: 159814 | G65: 159814 | H65: 159814 | I65: 159814 | J65: 159814 | K65: 159814 | L65: 159814 | M65: 159814 | N65: 159814 | O65: 159814 | P65: 159814 | Q65: 159814 | R65: 159814 | S65: 159814 | T65: 159814 | U65: 159814 | V65: 159814 | W65: 159814 | X65: 159814 | Y65: 159814 | Z65: 159814 | AA65: 159814 | AB65: 159814 | AC65: 159814
A66: BRIMO BAPA NEBE | B66: X 191 | C66: 1516851 | D66: 1516851 | E66: 2935291 | F66: 3335291 | G66: 325291 | H66: 2712791 | I66: 2850291 | J66: 1425310 | K66: 1293473 | L66: 861368 | M66: 1965513 | N66: 1257965 | O66: 1257965 | P66: 3018405 | Q66: 7090905 | R66: 5933405 | S66: 1213405 | T66: 533405 | U66: 3108513 | V66: 2049399 | W66: 717399 | X66: 2019899 | Y66: 901399 | Z66: 3693899 | AA66: 3693899 | AB66: 3043519 | AC66: 1036019
A67: BNI | B67: AD 191 | C67: 30907 | D67: 30907 | E67: 30907 | F67: 30907 | G67: 30907 | H67: 30907 | I67: 30907 | J67: 30907 | K67: 30907 | L67: 30907 | M67: 30907 | N67: 30907 | O67: 30907 | P67: 30907 | Q67: 30907 | R67: 30907 | S67: 30907 | T67: 30907 | U67: 30907 | V67: 30907 | W67: 30907 | X67: 30907 | Y67: 30907 | Z67: 30907 | AA67: 30907 | AB67: 33907 | AC67: 33907
A68: BCA | B68: AJ 191 | C68: 29000 | D68: 29000 | E68: 29000 | F68: 29000 | G68: 29000 | H68: 29000 | I68: 29000 | J68: 29000 | K68: 29000 | L68: 19000 | M68: 19000 | N68: 19000 | O68: 19000 | P68: 8000 | Q68: 8000 | R68: 8000 | S68: 8000 | T68: 8000 | U68: 8000 | V68: 8000 | W68: 8000 | X68: 8000 | Y68: 8000 | Z68: 8000 | AA68: 8000 | AB68: 27000 | AC68: 27000
A69: MANDIRI | B69: AP 191 | C69: 28500 | D69: 28500 | E69: 28500 | F69: 28500 | G69: 28500 | H69: 28500 | I69: 28500 | J69: 28500 | K69: 28500 | L69: 28500 | M69: 28500 | N69: 28500 | O69: 28500 | P69: 28500 | Q69: 28500 | R69: 28500 | S69: 28500 | T69: 28500 | U69: 28500 | V69: 28500 | W69: 28500 | X69: 28500 | Y69: 28500 | Z69: 28500 | AA69: 28500 | AB69: 34500 | AC69: 34500
A70: NTT | B70: AV 191 | C70: 69862 | D70: 69862 | E70: 69862 | F70: 69862 | G70: 69862 | H70: 69862 | I70: 69862 | J70: 69862 | K70: 69862 | L70: 69862 | M70: 69862 | N70: 69862 | O70: 69862 | P70: 69862 | Q70: 69862 | R70: 69862 | S70: 69862 | T70: 69862 | U70: 69862 | V70: 69862 | W70: 69862 | X70: 69862 | Y70: 69862 | Z70: 69862 | AA70: 69862 | AB70: 69862 | AC70: 69862
A71: BRILINK | C71: 0 | D71: 0 | E71: 0 | F71: 0 | G71: 0 | H71: 0 | I71: 0 | J71: 0 | K71: 0 | L71: 0 | M71: 0 | N71: 0 | O71: 0 | P71: 0 | Q71: 0 | R71: 0 | S71: 0 | T71: 0 | U71: 0 | V71: 0 | W71: 0 | X71: 0 | Y71: 0 | Z71: 0 | AA71: 0 | AB71: 0 | AC71: 0
A73: JML | C73: 3283494 | D73: 2116844 | E73: 3892675 | F73: 6032658 | G73: 4905447 | H73: 4177326 | I73: 3871215 | J73: 2882517 | K73: 5467864 | L73: 1978956 | M73: 3579687 | N73: 2239179 | O73: 2239179 | P73: 7353708 | Q73: 8512898 | R73: 7616686 | S73: 3717575 | T73: 1338959 | U73: 4039250 | V73: 4276610 | W73: 2559199 | X73: 4321933 | Y73: 2116023 | Z73: 5159307 | AA73: 5159307 | AB73: 5401710 | AC73: 4217100
A77: WATUBLAPI
A78: BRI C1 469301000223502 | B78: V 190 | C78: 1000000 | D78: 5000000 | E78: 5000000 | F78: 5000000 | G78: 5000000 | H78: 5000000 | I78: 5000000 | J78: 5000000 | K78: 5000000 | L78: 5000000 | M78: 5000000 | N78: 5000000 | O78: 5000000 | P78: 5000000 | Q78: 5000000 | R78: 5000000 | S78: 5000000 | T78: 5000000 | U78: 5000000 | V78: 5000000 | W78: 5000000 | X78: 5000000 | Y78: 5000000 | Z78: 5000000 | AA78: 5000000 | AB78: 5000000 | AC78: 57800
A79: FASTPAY CHYKA | B79: J 190 | C79: 144483 | D79: 137483 | E79: 158233 | F79: 158233 | G79: 188983 | H79: 239733 | I79: 260483 | J79: 361233 | K79: 183983 | L79: 681013 | M79: 731763 | N79: 898813 | O79: 898813 | P79: 898813 | Q79: 201313 | R79: 261863 | S79: 378163 | T79: 30263 | U79: 132113 | V79: 594113 | W79: 594113 | X79: 594113 | Y79: 594113 | Z79: 79863 | AA79: 79863 | AB79: 188963 | AC79: 557463
A80: DIGIPOS | B80: E 190 | C80: 1247434 | D80: 1026984 | E80: 1384369 | F80: 53 | G80: 590738 | H80: 1225746 | I80: 1605841 | J80: 674018 | K80: 1068106 | L80: 1273201 | M80: 307386 | N80: 734943 | O80: 939836 | P80: 595010 | Q80: 137598 | R80: 830486 | S80: 1464970 | T80: 18560 | U80: 687745 | V80: 1525817 | W80: 60000 | X80: 489393 | Y80: 946679 | Z80: 1432567 | AA80: 1432567 | AB80: 642545 | AC80: 1095738
A81: 3 SAKTI | B81: AA 190 | C81: 1210822 | D81: 1210822 | E81: 1257322 | F81: 1321322 | G81: 1392202 | H81: 1453522 | I81: 1453522 | J81: 1450522 | K81: 1493402 | L81: 569782 | M81: 657482 | N81: 868482 | O81: 914982 | P81: 1070227 | Q81: 165697 | R81: 165697 | S81: 302897 | T81: 417477 | U81: 102567 | V81: 124567 | W81: 247947 | X81: 367467 | Y81: 628332 | Z81: 699957 | AA81: 699957 | AB81: 816852 | AC81: 991397
A82: SIMPEL IM3 | B82: AG 190 | C82: 157850 | D82: 157850 | E82: 223350 | F82: 230100 | G82: 297600 | H82: 423100 | I82: 446600 | J82: 539600 | K82: 539600 | L82: 588100 | M82: 588100 | N82: 151100 | O82: 151100 | P82: 151100 | Q82: 256600 | R82: 256600 | S82: 274600 | T82: 274600 | U82: 302600 | V82: 320100 | W82: 385900 | X82: 385900 | Y82: 432400 | Z82: 432400 | AA82: 432400 | AB82: 439400 | AC82: 460400
A83: SIDOMPUL | B83: AW 190 | C83: 0 | D83: 0 | E83: 0 | F83: 0 | G83: 0 | H83: 0 | I83: 0 | J83: 0 | K83: 0 | L83: 0 | M83: 0 | N83: 0 | O83: 0 | P83: 0 | Q83: 0 | R83: 0 | S83: 0 | T83: 0 | U83: 0 | V83: 0 | W83: 0 | X83: 0 | Y83: 0 | Z83: 0 | AA83: 0 | AB83: 0 | AC83: 0
A84: PEGADAIAN | B84: AP 190 | C84: 1022974 | D84: 1022974 | E84: 1022974 | F84: 1022974 | G84: 1022974 | H84: 1022974 | I84: 1022974 | J84: 1022974 | K84: 1022974 | L84: 1022974 | M84: 1022974 | N84: 1022974 | O84: 1022974 | P84: 1022974 | Q84: 1022974 | R84: 1022974 | S84: 1022974 | T84: 1022974 | U84: 1022974 | V84: 1022974 | W84: 1022974 | X84: 1022974 | Y84: 1022974 | Z84: 1020537 | AA84: 1020537 | AB84: 50063 | AC84: 452263
A86: JML | C86: 4783563 | D86: 8556113 | E86: 9046248 | F86: 7732682 | G86: 8492497 | H86: 9365075 | I86: 9789420 | J86: 9048347 | K86: 9308065 | L86: 9135070 | M86: 8307705 | N86: 8676312 | O86: 8927705 | P86: 8738124 | Q86: 6784182 | R86: 7537620 | S86: 8443604 | T86: 6763874 | U86: 7247999 | V86: 8587571 | W86: 7310934 | X86: 7859847 | Y86: 8624498 | Z86: 8665324 | AA86: 8665324 | AB86: 7137823 | AC86: 3615061
A89: CHYKA
A90: C2 '357201041984530 | B90: I 190 | C90: 154903 | D90: 154903 | E90: 154903 | F90: 22156403 | G90: 9792882 | H90: 983805 | I90: 5983805 | J90: 15486805 | K90: 25981655 | L90: 37385855 | M90: 46592355 | N90: 43000453 | O90: 376453 | P90: 376453 | Q90: 376453 | R90: 376453 | S90: 16376453 | T90: 9996953 | U90: 746953 | V90: 29048453 | W90: 9829453 | X90: 11831953 | Y90: 63333453 | Z90: 7248067 | AA90: 7248067 | AB90: 9531852 | AC90: 265519
A91: C3 '357201045150531 | B91: N 190 | C91: 17870 | D91: 17870 | E91: 17870 | F91: 17870 | G91: 17870 | H91: 17870 | I91: 17870 | J91: 17870 | K91: 17870 | L91: 17870 | M91: 17870 | N91: 17870 | O91: 17870 | P91: 17870 | Q91: 17870 | R91: 17870 | S91: 17870 | T91: 17870 | U91: 17870 | V91: 17870 | W91: 17870 | X91: 17870 | Y91: 17870 | Z91: 17870 | AA91: 17870 | AB91: 17870 | AC91: 17870
A92: C4 | C92: 0 | D92: 0
A93: C5 | C93: 0 | D93: 0
A94: ELREI JUNIOR | B94: S 190 | C94: 252777 | D94: 252777 | E94: 252777 | F94: 252777 | G94: 202777 | H94: 202777 | I94: 202777 | J94: 202777 | K94: 202777 | L94: 202777 | M94: 202777 | N94: 202777 | O94: 202777 | P94: 202777 | Q94: 202777 | R94: 202777 | S94: 202777 | T94: 202777 | U94: 202777 | V94: 202777 | W94: 202777 | X94: 202777 | Y94: 202777 | Z94: 202777 | AA94: 202777 | AB94: 202777 | AC94: 202777
A95: SANROY JUNIOR | B95: X 190 | C95: 202500 | D95: 202500 | E95: 202500 | F95: 202500 | G95: 202500 | H95: 202500 | I95: 202500 | J95: 202500 | K95: 202500 | L95: 202500 | M95: 202500 | N95: 202500 | O95: 202500 | P95: 202500 | Q95: 202500 | R95: 202500 | S95: 202500 | T95: 202500 | U95: 202500 | V95: 202500 | W95: 202500 | X95: 202500 | Y95: 202500 | Z95: 202500 | AA95: 202500 | AB95: 152500 | AC95: 152500
A96: BNI 1775419104 | B96: C 190 | C96: 9123 | D96: 9123 | E96: 9123 | F96: 9123 | G96: 9123 | H96: 9123 | I96: 9123 | J96: 9123 | K96: 9123 | L96: 9123 | M96: 9123 | N96: 9123 | O96: 9123 | P96: 9123 | Q96: 9123 | R96: 9123 | S96: 9123 | T96: 9123 | U96: 9123 | V96: 9123 | W96: 9123 | X96: 9123 | Y96: 9123 | Z96: 9123 | AA96: 9123 | AB96: 9123 | AC96: 29123
A97: BCA 6986050208 | B97: AH 190 | C97: 32722 | D97: 32722 | E97: 32722 | F97: 32722 | G97: 32722 | H97: 32722 | I97: 32722 | J97: 32722 | K97: 32722 | L97: 35222 | M97: 54222 | N97: 54222 | O97: 54222 | P97: 54222 | Q97: 54222 | R97: 54222 | S97: 54222 | T97: 54222 | U97: 54222 | V97: 54222 | W97: 54222 | X97: 54222 | Y97: 54222 | Z97: 54222 | AA97: 54222 | AB97: 54222 | AC97: 54222
A98: MANDIRI 1810003483006 | B98: AM 190 | C98: 60999 | D98: 60999 | E98: 60999 | F98: 60999 | G98: 60999 | H98: 60999 | I98: 60999 | J98: 60999 | K98: 67499 | L98: 67499 | M98: 79499 | N98: 79499 | O98: 79499 | P98: 79499 | Q98: 79499 | R98: 79499 | S98: 79499 | T98: 79499 | U98: 79499 | V98: 79499 | W98: 79499 | X98: 79499 | Y98: 79499 | Z98: 79499 | AA98: 79499 | AB98: 79499 | AC98: 29499
A99: DANA | C99: 0 | D99: 0 | E99: 0 | F99: 0 | G99: 0 | H99: 0 | I99: 0 | J99: 0 | K99: 0 | L99: 0 | M99: 0 | N99: 0 | O99: 0 | P99: 0 | Q99: 0 | R99: 0 | S99: 0 | T99: 0 | U99: 0 | V99: 0 | W99: 0 | X99: 0 | Y99: 0 | Z99: 0 | AA99: 0 | AB99: 0 | AC99: 0
A100: OVO | C100: 0 | D100: 0 | E100: 0 | F100: 0 | G100: 0 | H100: 0 | I100: 0 | J100: 0 | K100: 0 | L100: 0 | M100: 0 | N100: 0 | O100: 0 | P100: 0 | Q100: 0 | R100: 0 | S100: 0 | T100: 0 | U100: 0 | V100: 0 | W100: 0 | X100: 0 | Y100: 0 | Z100: 0 | AA100: 0 | AB100: 0 | AC100: 0
A101: LINKAJA | C101: 5000 | D101: 5000 | E101: 5000 | F101: 5000 | G101: 5000 | H101: 5000 | I101: 5000 | J101: 5000 | K101: 5000 | L101: 5000 | M101: 5000 | N101: 5000 | O101: 5000 | P101: 5000 | Q101: 5000 | R101: 5000 | S101: 5000 | T101: 5000 | U101: 5000 | V101: 5000 | W101: 5000 | X101: 5000 | Y101: 5000 | Z101: 5000 | AA101: 5000 | AB101: 5000 | AC101: 5000
A102: REK MEKAR MAGDA | C102: 50000 | D102: 50000 | E102: 50000 | F102: 50000 | G102: 50000 | H102: 50000 | I102: 50000 | J102: 50000 | K102: 50000 | L102: 50000 | M102: 50000 | N102: 50000 | O102: 50000 | P102: 50000 | Q102: 50000 | R102: 50000 | S102: 50000 | T102: 50000 | U102: 50000 | V102: 50000 | W102: 50000 | X102: 50000 | Y102: 50000 | Z102: 50000 | AA102: 50000 | AB102: 50000 | AC102: 50000
A103: REK MEKAR NARTI | C103: 8000 | D103: 8000 | E103: 8000 | F103: 8000 | G103: 8000 | H103: 8000 | I103: 8000 | J103: 8000 | K103: 8000 | L103: 8000 | M103: 8000 | N103: 8000 | O103: 8000 | P103: 8000 | Q103: 8000 | R103: 8000 | S103: 8000 | T103: 8000 | U103: 8000 | V103: 8000 | W103: 8000 | X103: 8000 | Y103: 8000 | Z103: 8000 | AA103: 8000 | AB103: 8000 | AC103: 8000
A104: REK TANI MAMA | C104: 3845 | D104: 3845 | E104: 3845 | F104: 3845 | G104: 3845 | H104: 3845 | I104: 3845 | J104: 3845 | K104: 3845 | L104: 3845 | M104: 3845 | N104: 3845 | O104: 3845 | P104: 3845 | Q104: 3845 | R104: 3845 | S104: 3845 | T104: 3845 | U104: 3845 | V104: 3845 | W104: 3845 | X104: 3845 | Y104: 3845 | Z104: 3845 | AA104: 3845 | AB104: 3845 | AC104: 3845
A105: REK KIP REI | C105: 3500 | D105: 3500 | E105: 3500 | F105: 3500 | G105: 3500 | H105: 3500 | I105: 3500 | J105: 3500 | K105: 3500 | L105: 3500 | M105: 3500 | N105: 3500 | O105: 3500 | P105: 3500 | Q105: 3500 | R105: 3500 | S105: 3500 | T105: 3500 | U105: 3500 | V105: 3500 | W105: 3500 | X105: 3500 | Y105: 3500 | Z105: 3500 | AA105: 3500 | AB105: 3500 | AC105: 3500
A106: DOMPET HERMAN | C106: 0 | D106: 0 | E106: 0 | F106: 0 | G106: 0 | H106: 0 | I106: 0 | J106: 0 | K106: 0 | L106: 0 | M106: 10000000 | N106: 24000000 | O106: 24000000 | P106: 0 | Q106: 0 | R106: 0 | S106: 0 | T106: 0 | U106: 0 | V106: 0 | W106: 0 | X106: 0 | Y106: 0 | Z106: 0 | AA106: 0 | AB106: 0 | AC106: 0
C108: 801239 | D108: 801239 | E108: 801239 | F108: 22802739 | G108: 10389218 | H108: 1580141 | I108: 6580141 | J108: 16083141 | K108: 26584491 | L108: 37991191 | M108: 57228691 | N108: 67636789 | O108: 25012789 | P108: 1012789 | Q108: 1012789 | R108: 1012789 | S108: 17012789 | T108: 10633289 | U108: 1383289 | V108: 29684789 | W108: 10465789 | X108: 12468289 | Y108: 63969789 | Z108: 7884403 | AA108: 7884403 | AB108: 10118188 | AC108: 821855
A111: THYAND
A112: T2 '357201019274503 | B112: AC 190 | C112: 100000 | D112: 100000 | E112: 42172989 | F112: 56093149 | G112: 9325979 | H112: 661003 | I112: 62842413 | J112: 59008386 | K112: 28988896 | L112: 170759796 | M112: 58555706 | N112: 329021 | O112: 39329021 | P112: 3694329 | Q112: 4611329 | R112: 36916529 | S112: 21848221 | T112: 17543559 | U112: 27559361 | V112: 63582806 | W112: 67981202 | X112: 35983602 | Y112: 33261700 | Z112: 37555950 | AA112: 31803699 | AB112: 49042699 | AC112: 65302169
A113: T4 | C113: 48496408 | D113: 48496408
A114: T5 | C114: 0 | D114: 0
A115: DANA | C115: 5 | D115: 5 | E115: 5 | F115: 5 | G115: 5 | H115: 5 | I115: 5 | J115: 5 | K115: 5 | L115: 5 | M115: 5 | N115: 5 | O115: 5 | P115: 5 | Q115: 5 | R115: 5 | S115: 5 | T115: 5 | U115: 5 | V115: 5 | W115: 5 | X115: 5 | Y115: 5 | Z115: 5 | AA115: 5 | AB115: 5 | AC115: 5
A116: OVO | C116: 3148 | D116: 3148 | E116: 3148 | F116: 3148 | G116: 3148 | H116: 3148 | I116: 3148 | J116: 3148 | K116: 3148 | L116: 3148 | M116: 3148 | N116: 3148 | O116: 3148 | P116: 3148 | Q116: 3148 | R116: 3148 | S116: 3148 | T116: 3148 | U116: 3148 | V116: 3148 | W116: 3148 | X116: 3148 | Y116: 3148 | Z116: 3148 | AA116: 3148 | AB116: 3148 | AC116: 3148
A117: LINKAJA | C117: 149 | D117: 149 | E117: 149 | F117: 149 | G117: 149 | H117: 149 | I117: 149 | J117: 149 | K117: 149 | L117: 149 | M117: 149 | N117: 149 | O117: 149 | P117: 149 | Q117: 149 | R117: 149 | S117: 149 | T117: 149 | U117: 149 | V117: 149 | W117: 149 | X117: 149 | Y117: 149 | Z117: 149 | AA117: 149 | AB117: 149 | AC117: 149
A118: MOFJEK | C118: 250000 | D118: 250000 | E118: 250000 | F118: 250000 | G118: 250000 | H118: 250000 | I118: 250000 | J118: 250000 | K118: 250000 | L118: 250000 | M118: 250000 | N118: 250000 | O118: 250000 | P118: 250000 | Q118: 250000 | R118: 250000 | S118: 250000 | T118: 250000 | U118: 250000 | V118: 250000 | W118: 250000 | X118: 250000 | Y118: 250000 | Z118: 250000 | AA118: 250000 | AB118: 250000 | AC118: 250000
C120: 48849710 | D120: 48849710 | E120: 42426291 | F120: 56346451 | G120: 9579281 | H120: 914305 | I120: 63095715 | J120: 59261688 | K120: 29242198 | L120: 171013098 | M120: 58809008 | N120: 582323 | O120: 39582323 | P120: 3947631 | Q120: 4864631 | R120: 37169831 | S120: 22101523 | T120: 17796861 | U120: 27812663 | V120: 63836108 | W120: 68234504 | X120: 36236904 | Y120: 33515002 | Z120: 37809252 | AA120: 32057001 | AB120: 49296001 | AC120: 65555471
A123: TOTAL SALDO | C123: 94586452 | D123: 75717240 | E123: 72084435 | F123: 110812548 | G123: 48802323 | H123: 32411582 | I123: 100369113 | J123: 103037787 | K123: 86513317 | L123: 234346612 | M123: 143055439 | N123: 94584552 | O123: 91818535 | P123: 36347345 | Q123: 34067941 | R123: 67884180 | S123: 65614665 | T123: 52486087 | U123: 87022078 | V123: 122836114 | W123: 104527640 | X123: 76795875 | Y123: 122058316 | Z123: 73128897 | AA123: 67934243 | AB123: 88014001 | AC123: 281565927
A127: TOTAL UANG + SALDO | C127: 286957452 | D127: 284846240 | E127: 289251435 | F127: 294982548 | G127: 295276323 | H127: 295009582 | I127: 348674113 | J127: 349267287 | K127: 345935817 | L127: 294352112 | M127: 292857939 | N127: 289786552 | O127: 289958035 | P127: 285407345 | Q127: 283907941 | R127: 282709180 | S127: 227048665 | T127: 227695087 | U127: 277796578 | V127: 275594114 | W127: 277145640 | X127: 276022875 | Y127: 273755316 | Z127: 242739897 | AA127: 241802243 | AB127: 240853001 | AC127: 317392927
A129: PIUTANG
...

Sheet JUNI
A1: KETERANGAN EDIT : | B1: WARNA
C3: 28 JUNI - 3 JULI | D3: 27 JUNI | E3: 23 - 26 | F3: 19 - 22 JUNI | G3: 46191 | H3: 15 - 17 JUNI | I3: 13 - 14 JUNI | J3: 46185 | K3: 6 - 11 JUNI | L3: 157 | M3: 156 | N3: 155 | O3: 154 | P3: 153 | Q3: 31 MEI
C4: MINGGU - KAMIS | D4: SABTU | E4: SELASA - JUMAT | F4: JUMAD - SENIN | G4: KAMIS | H4: SENIN - RABU | I4: SABTU - MINGGU | J4: JUMAD | K4: SABTU - KAMIS | L4: JUMAT | M4: KAMIS | N4: RABU | O4: SELASA | P4: SENIN | Q4: MINGGU
A6: KIOS
A7: UANG KECIL
A8: UANG ROBEK | C8: 342000 | D8: 342000 | E8: 342000 | F8: 342000 | G8: 342000 | H8: 342000 | I8: 342000 | J8: 342000 | K8: 342000 | L8: 342000 | M8: 282000 | N8: 282000 | O8: 282000 | P8: 282000 | Q8: 282000
A9: UANG KOIN TABUNG | C9: 1560000 | D9: 1560000 | E9: 1560000 | F9: 1560000 | G9: 1480000 | H9: 1480000 | I9: 1480000 | J9: 1480000 | K9: 1480000 | L9: 1480000 | M9: 1480000 | N9: 1480000 | O9: 1480000 | P9: 1480000 | Q9: 1480000
A10: KOIN 500 | C10: 0 | D10: 0 | E10: 0 | F10: 0 | G10: 0 | H10: 0 | I10: 0 | J10: 0 | K10: 0 | L10: 0 | M10: 0 | N10: 0 | O10: 0 | P10: 0 | Q10: 0
A11: KOIN 1000 | C11: 0 | D11: 0 | E11: 0 | F11: 0 | G11: 0 | H11: 0 | I11: 0 | J11: 0 | K11: 0 | L11: 0 | M11: 0 | N11: 0 | O11: 0 | P11: 0 | Q11: 0
A12: 1000
A13: 2000 | C13: 0 | D13: 0 | E13: 0 | F13: 0 | G13: 0 | H13: 0 | I13: 0 | J13: 0 | K13: 0 | L13: 0 | M13: 0 | N13: 0 | O13: 0 | P13: 0 | Q13: 0
A14: 5000
A15: 10000 | C15: 0 | D15: 0 | E15: 0 | F15: 0 | G15: 0 | H15: 0 | I15: 0 | J15: 0 | K15: 0 | L15: 0 | M15: 0 | N15: 0 | O15: 0 | P15: 0 | Q15: 0
A16: 20000 | C16: 0 | D16: 0 | E16: 0 | F16: 0 | G16: 0 | H16: 0 | I16: 0 | J16: 0 | K16: 0 | L16: 0 | M16: 0 | N16: 0 | O16: 0 | P16: 0 | Q16: 0
A17: 50000 | C17: 0 | D17: 0 | E17: 0 | F17: 0 | G17: 0 | H17: 0 | I17: 0 | J17: 0 | K17: 0 | L17: 0 | M17: 0 | N17: 0 | O17: 0 | P17: 0 | Q17: 0
A18: 100000 | C18: 0 | D18: 0 | E18: 0 | F18: 0 | G18: 0 | H18: 0 | I18: 0 | J18: 0 | K18: 0 | L18: 0 | M18: 0 | N18: 0 | O18: 0 | P18: 0 | Q18: 0
C19: 1902000 | D19: 1902000 | E19: 1902000 | F19: 1902000 | G19: 1822000 | H19: 1822000 | I19: 1822000 | J19: 1822000 | K19: 1822000 | L19: 1822000 | M19: 1762000 | N19: 1762000 | O19: 1762000 | P19: 1762000 | Q19: 1762000
A22: UANG TUNAI | C22: 99550000 | D22: 173550000 | E22: 223400000 | F22: 30645000 | G22: 165000000 | H22: 215734000 | I22: 99164000 | J22: 175400000 | K22: 196100000 | L22: 161500000 | M22: 105800000 | N22: 74430000 | O22: 87687000 | P22: 55237000 | Q22: 181575000
A23: UANG KECIL | C23: 0 | D23: 0 | E23: 0 | F23: 0 | G23: 0 | H23: 0 | I23: 0 | J23: 0 | K23: 0 | L23: 0 | M23: 0 | N23: 0 | O23: 0 | P23: 0 | Q23: 0
A24: MODAL KIOS | C24: 24500 | D24: 17000 | E24: 10000 | F24: 47000 | G24: 84000 | H24: 67000 | I24: 55000 | J24: 51000 | K24: 51000 | L24: 71000 | M24: 49000 | N24: 40000 | O24: 29000 | P24: 35000 | Q24: 72000
A25: AGEN BAOMEKOT | C25: 0 | D25: 0 | E25: 0 | F25: 0 | G25: 0 | H25: 0 | I25: 0 | J25: 0 | K25: 0 | L25: 0 | M25: 0 | N25: 11105000 | O25: 0 | P25: 0 | Q25: 0
A26: AGEN SIKU EHA | C26: 0 | D26: 0 | E26: 0 | F26: 0 | G26: 0 | H26: 0 | I26: 0 | J26: 0 | K26: 0 | L26: 0 | M26: 0 | N26: 5738000 | O26: 0 | P26: 0 | Q26: 0
A27: AGEN WATUBLAPI | C27: 0 | D27: 0 | E27: 0 | F27: 0 | G27: 0 | H27: 0 | I27: 0 | J27: 0 | K27: 0 | L27: 0 | M27: 0 | N27: 11018000 | O27: 0 | P27: 0 | Q27: 0
A28: AGEN HABIBOLA | C28: 0 | D28: 0 | E28: 0 | F28: 26260000 | G28: 0 | H28: 37178000 | I28: 0 | J28: 0 | K28: 0 | L28: 30979000 | M28: 0 | N28: 18403000 | O28: 376500 | P28: 0 | Q28: 0
A29: DOMPET CIKA | C29: 0 | D29: 1015000 | E29: 1015000 | F29: 45007000 | G29: 0 | H29: 0 | I29: 750000 | J29: 0 | K29: 0 | L29: 2500000 | M29: 0 | N29: 0 | O29: 8292129 | P29: 17930000 | Q29: 8962000
A30: DOMPET SET | C30: 0 | D30: 0 | E30: 0 | F30: 142200000 | G30: 0 | H30: 0 | I30: 85000000 | J30: 0 | K30: 0 | L30: 0 | M30: 0 | N30: 120000000 | O30: 0 | P30: 124870000 | Q30: 0
C31: 99574500 | D31: 174582000 | E31: 224425000 | F31: 244159000 | G31: 165084000 | H31: 252979000 | I31: 184969000 | J31: 175451000 | K31: 196151000 | L31: 195050000 | M31: 105849000 | N31: 240734000 | O31: 96384629 | P31: 198072000 | Q31: 190609000
A33: TOTAL UANG | C33: 101476500 | D33: 176484000 | E33: 226327000 | F33: 246061000 | G33: 166906000 | H33: 254801000 | I33: 186791000 | J33: 177273000 | K33: 197973000 | L33: 196872000 | M33: 107611000 | N33: 242496000 | O33: 98146629 | P33: 199834000 | Q33: 192371000
A36: BAOMEKOT
A38: BRI T1 | B38: V 190 | C38: 5000001 | D38: 3634293 | E38: 2517263 | F38: 540373 | G38: 1038304 | H38: 7166553 | I38: 5000000 | J38: 5000000 | K38: 5000000 | L38: 5000000 | M38: 5000000 | N38: 5000000 | O38: 5054030 | P38: 5000001 | Q38: 26559510
A39: FASTPAY THYAND | B39: K 190 | C39: 593346 | D39: 7871 | E39: 208871 | F39: 702296 | G39: 367826 | H39: 419526 | I39: 403576 | J39: 403576 | K39: 580076 | L39: 349476 | M39: 438526 | N39: 736326 | O39: 787076 | P39: 787076 | Q39: 974126
A40: DIGIPOS | B40: E 190 | C40: 699149 | D40: 830774 | E40: 1541317 | F40: 796885 | G40: 819692 | H40: 1573568 | I40: 182957 | J40: 602247 | K40: 1009940 | L40: 370305 | M40: 913992 | N40: 1499784 | O40: 1832072 | P40: 2196662 | Q40: 869552
A41: 3 SAKTI | B41: AB 190 | C41: 420873 | D41: 779333 | E41: 831083 | F41: 1240733 | G41: 671578 | H41: 847478 | I41: 444398 | J41: 177658 | K41: 442108 | L41: 263998 | M41: 351998 | N41: 526198 | O41: 767798 | P41: 972518 | Q41: 160153
A42: SIMPEL IM3 | B42: AH 190 | C42: 424020 | D42: 424020 | E42: 579020 | F42: 825120 | G42: 389120 | H42: 406620 | I42: 487720 | J42: 487720 | K42: 487720 | L42: 576720 | M42: 594220 | N42: 178220 | O42: 178220 | P42: 216220 | Q42: 324720
A43: SIDOMPUL | B43: BB 190 | C43: 0 | D43: 0 | E43: 0 | F43: 0 | G43: 0 | H43: 0 | I43: 0 | J43: 0 | K43: 0 | L43: 0 | M43: 0 | N43: 0 | O43: 0 | P43: 0 | Q43: 0
A44: PEGADAIAN | B44: AQ 190 | C44: 224066 | D44: 216755 | E44: 858355 | F44: 855918 | G44: 756133 | H44: 983459 | I44: 468259 | J44: 468259 | K44: 465822 | L44: 182374 | M44: 909874 | N44: 909874 | O44: 907437 | P44: 907437 | Q44: 220337
A45: PORTAL PULSA | C45: 4149 | D45: 4149 | E45: 4149 | F45: 4149 | G45: 4149 | H45: 4149 | I45: 4149 | J45: 4149 | K45: 4149 | L45: 4149 | M45: 4149 | N45: 4149 | O45: 4149 | P45: 4149 | Q45: 4149
A46: POSPAY | C46: 22000 | D46: 22000 | E46: 22000 | F46: 22000 | G46: 22000 | H46: 22000 | I46: 22000 | J46: 22000 | K46: 22000 | L46: 22000 | M46: 22000 | N46: 22000 | O46: 22000 | P46: 22000 | Q46: 22000
A48: JML | C48: 7387604 | D48: 5919195 | E48: 6562058 | F48: 4987474 | G48: 4068802 | H48: 11423353 | I48: 7013059 | J48: 7165609 | K48: 8011815 | L48: 6769022 | M48: 8234759 | N48: 8876551 | O48: 9552782 | P48: 10106063 | Q48: 29134547
A50: SIKU
A51: BRI C1 469301000223502 | B51: Y 190 | C51: 5000000 | D51: 21613483 | E51: 5000000 | F51: 5000000 | G51: 5000000 | H51: 5149188 | I51: 5057390 | J51: 5000000 | K51: 5000000 | L51: 5000000 | M51: 5000000 | N51: 5000000 | O51: 5095780 | P51: 5000000 | Q51: 5079980
A52: FASTPAY CHYKA | B52: M 190 | C52: 1063306 | D52: 1003800 | E52: 1376300 | F52: 1692800 | G52: 815300 | H52: 815300 | I52: 826175 | J52: 846925 | K52: 846925 | L52: 335625 | M52: 335625 | N52: 335625 | O52: 335625 | P52: 356725 | Q52: 356725
A53: DIGIPOS | B53: H 190 | C53: 1895165 | D53: 855097 | E53: 994992 | F53: 1010248 | G53: 875026 | H53: 1405111 | I53: 629378 | J53: 1083071 | K53: 1311462 | L53: 173332 | M53: 489324 | N53: 1074310 | O53: 1627798 | P53: 2066081 | Q53: 1013066
A54: 3 SAKTI | B54: AD 190 | C54: 472005 | D54: 575385 | E54: 691035 | F54: 876135 | G54: 661565 | H54: 697065 | I54: 304265 | J54: 312265 | K54: 375765 | L54: 533440 | M54: 551440 | N54: 587440 | O54: 600440 | P54: 600440 | Q54: 674940
A55: SIMPEL IM3 | B55: AJ 190 | C55: 525133 | D55: 531883 | E55: 546983 | F55: 618483 | G55: 149483 | H55: 162683 | I55: 227683 | J55: 227683 | K55: 357683 | L55: 357683 | M55: 357683 | N55: 395683 | O55: 395683 | P55: 395683 | Q55: 395683
A56: SIDOMPUL | B56: AZ 190 | C56: 0 | D56: 0 | E56: 0 | F56: 0 | G56: 0 | H56: 0 | I56: 0 | J56: 0 | K56: 0 | L56: 0 | M56: 0 | N56: 0 | O56: 0 | P56: 0 | Q56: 0
A57: PEGADAIAN | B57: AS 190 | C57: 208871 | D57: 208871 | E57: 208871 | F57: 208871 | G57: 208871 | H57: 208871 | I57: 208871 | J57: 208871 | K57: 208871 | L57: 208871 | M57: 208871 | N57: 208871 | O57: 208871 | P57: 208871 | Q57: 208871
A58: DIGIPOS FINPAY | C58: 4634 | D58: 4634 | E58: 4634 | F58: 4634 | G58: 4634 | H58: 4634 | I58: 4634 | J58: 4634 | K58: 4634 | L58: 4634 | M58: 4634 | N58: 4634 | O58: 4634 | P58: 4634 | Q58: 4634
A60: JML | C60: 9169114 | D60: 24793153 | E60: 8822815 | F60: 9411171 | G60: 7714879 | H60: 8442852 | I60: 7258396 | J60: 7683449 | K60: 8105340 | L60: 6613585 | M60: 6947577 | N60: 7606563 | O60: 8268831 | P60: 8632434 | Q60: 7733899
A62: HABI BOLA
